,screen_name_binary_n,name_binary_n,description_binary_n,status_binary_n,verified_n,followers_count_n,friends_count_n,statuses_count_n,listed_count_binary_n
0,1,0,0,1,0,571,0,1940,1
1,1,0,0,0,0,1,319,31,1
2,1,1,1,1,0,542,0,399,1
3,1,1,0,0,0,33,0,389,1
4,0,0,1,0,0,11,559,155,1
5,0,0,1,0,0,1,177,11,1
6,0,1,1,0,0,190,0,1123,1
7,0,0,1,0,0,852,2,752,1
8,1,1,1,0,0,255,0,1340,1
9,1,0,0,0,0,51,3,740,1
10,1,1,1,1,0,51,1,104,1
11,1,1,1,0,0,2,1,182,1
12,0,0,0,0,0,0,29,0,1
13,0,0,0,0,0,1,194,0,1
14,0,0,0,0,0,0,38,0,1
15,0,0,0,0,0,109,0,1529,1
16,1,1,1,1,0,235,0,1771,1
17,1,1,0,0,0,15,832,276,1
18,1,1,1,0,0,187,825,0,1
19,0,0,1,1,0,178,0,1643,1
20,0,0,1,1,0,881,1062,1914,1
21,0,0,0,1,0,23,4,1134,1
22,1,1,1,1,0,1118,0,1756,1
23,1,1,1,1,0,676,3,1228,1
24,1,1,1,1,0,350,2,1315,1
25,1,1,1,1,0,27,1,127,1
26,0,0,0,0,0,188,2,1093,1
27,0,0,0,1,0,1,35,78,1
28,1,1,1,1,0,433,0,1622,1
29,1,1,1,1,0,37,45,160,1
30,1,1,1,0,0,293,56,1753,1
31,0,0,1,0,0,577,2,1689,1
32,0,0,0,0,0,0,52,0,1
33,0,0,0,0,0,54,0,588,1
34,1,1,1,1,0,755,2,1976,1
35,0,0,0,0,0,0,54,18,1
36,1,1,1,1,0,160,2,2031,1
37,1,1,0,1,0,32,1,1132,1
38,1,1,1,1,0,501,1,889,1
39,1,1,1,1,0,108,10,331,1
40,0,0,0,0,0,187,1,924,1
41,0,0,0,0,0,440,115,1516,1
42,0,0,0,0,0,1,311,48,1
43,0,0,0,0,0,89,704,2,1
44,0,0,0,0,0,538,0,1433,1
45,1,1,0,1,0,332,521,1714,1
46,0,1,1,0,0,328,947,245,1
47,0,0,0,0,0,4,94,0,1
48,0,0,0,0,0,0,135,12,1
49,0,0,0,0,0,578,0,1897,1
50,0,0,1,1,0,36,1,321,1
51,0,1,1,1,0,8,1,29,1
52,1,1,1,0,0,595,1,1508,1
53,0,0,1,1,0,640,99,1987,1
54,0,0,0,0,0,1,63,1,1
55,0,0,0,0,0,82,49,1549,1
56,0,0,0,0,0,2,20,115,1
57,0,0,1,1,0,0,25,70,1
58,0,0,0,0,0,78,1,966,1
59,0,0,0,1,0,335,6,1426,1
60,0,0,1,0,1,839,394,842,1
61,1,1,1,1,0,68,0,1703,1
62,0,0,1,0,0,108,1,1621,1
63,1,0,0,1,0,120,0,1083,1
64,1,0,1,1,0,0,302,29,1
65,0,0,1,0,0,0,22,95,1
66,0,0,0,0,0,15,19,19,1
67,0,0,0,1,0,23,0,61,1
68,0,0,0,0,0,127,171,1434,1
69,0,0,0,0,0,1165,1076,1602,1
70,0,1,1,1,0,456,1,747,1
71,1,1,0,1,0,179,0,288,1
72,1,1,1,1,0,123,0,1741,1
73,1,1,1,1,0,570,1,1909,1
74,0,0,0,0,0,110,801,4,1
75,0,0,1,0,0,9,0,558,1
76,0,0,1,1,0,1114,3,1480,1
77,0,0,0,0,0,4,320,6,1
78,0,0,0,1,0,1,44,74,1
79,0,1,1,0,0,260,5,1666,1
80,0,0,0,0,0,1115,1015,1240,1
81,0,0,0,0,0,975,2,1899,1
82,0,0,0,0,0,43,1,1723,1
83,0,0,0,0,0,11,73,1,1
84,1,0,0,1,0,511,0,1931,1
85,0,0,1,1,0,63,2,760,1
86,1,0,1,1,0,71,2,374,1
87,1,1,0,0,0,131,2,972,1
88,1,1,1,0,0,168,4,1279,1
89,0,0,0,0,0,831,1016,1856,1
90,1,1,1,1,0,729,21,2020,1
91,0,0,0,0,0,4,226,17,1
92,0,0,0,0,0,257,999,41,1
93,1,1,0,1,0,31,23,142,1
94,1,1,1,0,0,539,0,2,1
95,1,1,1,1,0,8,0,112,1
96,0,0,1,0,0,14,3,1472,1
97,0,0,0,0,0,875,1058,437,1
98,0,0,0,0,0,0,32,89,1
99,0,0,0,1,0,198,1,1220,1
100,1,1,1,1,0,20,9,707,1
101,0,0,0,1,0,109,146,24,1
102,1,0,0,1,0,395,10,2009,1
103,0,0,0,0,0,216,271,12,1
104,0,1,1,1,0,105,4,584,1
105,1,1,1,1,0,529,0,2026,1
106,0,0,0,0,0,33,756,1,1
107,0,0,0,0,0,4,19,0,1
108,0,0,0,1,0,1,313,43,1
109,0,0,0,0,0,0,286,27,1
110,0,0,0,0,0,1,372,76,1
111,0,0,0,0,0,0,317,28,1
112,0,0,0,0,0,23,0,258,1
113,0,0,0,1,0,239,16,1468,1
114,0,0,1,0,0,20,9,295,1
115,0,0,0,0,0,382,0,932,1
116,0,0,0,0,0,5,401,84,1
117,0,0,0,1,0,1255,1131,1973,1
118,0,0,0,0,0,1,310,30,1
119,0,0,0,0,0,240,1,1437,1
120,0,0,0,0,0,16,815,268,1
121,0,0,1,0,0,250,97,1033,1
122,0,0,0,0,0,461,38,2024,1
123,1,1,1,1,0,61,31,367,1
124,0,0,1,1,0,105,1,343,1
125,0,0,0,1,0,26,35,1291,1
126,0,0,0,0,0,13,1,482,1
127,0,0,1,0,0,843,22,1547,1
128,0,0,0,1,0,1020,2,1998,1
129,0,0,0,0,0,124,151,878,1
130,1,1,1,0,0,141,14,26,1
131,1,1,0,1,0,347,0,808,1
132,0,0,0,0,0,9,400,69,1
133,0,0,1,1,0,44,0,520,1
134,0,0,0,0,0,376,950,356,1
135,1,1,1,1,0,1081,0,1416,1
136,1,0,0,1,0,953,2,2010,1
137,0,0,1,0,0,1085,1110,2027,1
138,0,0,0,0,0,0,98,0,1
139,1,1,1,0,0,30,0,580,1
140,0,0,0,0,0,1,113,1,1
141,0,0,1,1,0,0,34,59,1
142,0,0,1,0,0,245,1,1007,1
143,0,0,1,0,0,534,1,1231,1
144,1,1,1,0,0,15,1,71,1
145,0,0,0,1,0,14,0,857,1
146,0,0,0,0,0,2,104,1,1
147,1,1,1,0,0,301,24,136,1
148,0,0,1,1,0,78,207,649,1
149,1,1,0,1,0,21,19,508,1
150,0,0,0,1,0,12,33,63,1
151,0,0,1,0,0,439,7,1644,1
152,0,0,0,0,0,0,34,0,1
153,1,1,1,1,0,288,0,1170,1
154,0,0,0,0,0,262,384,786,1
155,0,0,1,1,0,95,3,734,1
156,1,1,1,0,0,410,15,512,1
157,0,0,0,0,0,20,805,265,1
158,0,0,0,0,0,3,441,106,1
159,1,0,1,1,0,16,25,129,1
160,1,1,0,1,0,475,0,211,1
161,0,0,1,0,0,6,0,190,1
162,0,0,1,0,0,184,1,1380,1
163,1,1,1,1,0,436,585,1313,1
164,0,0,0,0,0,9,87,4,1
165,0,0,1,0,0,40,0,442,1
166,1,0,1,0,0,2,320,34,1
167,0,0,0,0,0,1,331,25,1
168,1,1,1,1,0,157,3,928,1
169,1,1,1,0,0,520,43,1218,1
170,0,0,0,0,0,34,22,1605,1
171,0,1,0,0,0,173,5,1094,1
172,1,1,1,1,0,153,1,1657,1
173,0,0,0,0,0,458,945,391,1
174,0,0,0,0,0,2,295,34,1
175,1,1,0,1,0,76,0,153,1
176,0,0,0,0,0,519,776,466,1
177,1,1,1,1,0,32,0,483,1
178,1,1,0,1,0,469,290,1824,1
179,1,1,1,1,0,219,0,364,1
180,0,0,1,0,0,7,515,157,1
181,1,1,1,0,0,391,1,1713,1
182,1,1,0,1,0,23,0,94,1
183,0,0,0,0,0,3,49,1,1
184,1,1,0,1,0,139,7,315,1
185,0,0,0,0,0,66,484,608,1
186,1,1,1,1,0,446,348,835,1
187,0,0,0,1,0,3,57,1,1
188,1,1,0,0,0,0,60,0,1
189,0,1,0,1,0,55,1,2040,1
190,0,0,0,1,0,64,32,946,1
191,1,1,0,0,0,102,2,1871,1
192,0,0,0,0,0,0,269,35,1
193,0,0,0,0,0,560,903,279,1
194,0,0,0,0,0,18,3,629,1
195,0,0,1,1,0,240,5,218,1
196,1,0,0,0,0,72,0,694,1
197,0,0,1,0,0,238,57,1805,1
198,0,0,0,0,0,0,317,39,1
199,1,1,1,0,0,230,0,1506,1
200,1,0,0,1,0,20,1,587,1
201,0,0,0,0,0,0,68,1,1
202,0,0,1,0,0,653,917,1358,1
203,1,1,1,0,0,437,0,1006,1
204,1,0,1,1,0,309,1,1843,1
205,0,0,0,0,0,1,241,33,1
206,0,1,0,0,0,25,619,20,1
207,0,0,0,0,0,2,95,0,1
208,1,1,1,0,0,533,767,1954,1
209,1,1,1,1,0,947,0,1730,1
210,0,0,0,0,0,12,853,307,1
211,0,0,0,0,0,68,1,273,1
212,0,0,1,0,0,12,0,133,1
213,1,0,1,1,0,812,0,1981,1
214,1,1,1,1,0,741,985,1958,1
215,0,0,0,0,0,25,831,254,1
216,0,0,0,0,0,3,438,101,1
217,0,0,0,1,0,3,6,17,1
218,0,1,1,1,0,405,0,1577,1
219,0,0,0,1,0,0,30,58,1
220,0,1,0,1,0,12,1,392,1
221,0,0,0,0,0,4,241,12,1
222,1,1,0,0,0,0,98,0,1
223,1,1,0,0,0,17,426,4,1
224,0,0,0,0,0,49,760,1,1
225,1,1,1,1,0,428,60,988,1
226,0,1,1,0,0,967,1082,1944,1
227,1,1,1,1,0,400,505,1186,1
228,0,0,0,0,0,0,34,68,1
229,0,0,1,1,0,116,1,481,1
230,1,1,1,1,0,191,3,1090,1
231,0,0,0,0,0,903,0,352,1
232,1,0,1,1,0,691,361,1932,1
233,0,0,0,0,0,173,2,1678,1
234,0,1,0,1,0,157,12,1489,1
235,1,1,1,1,0,18,0,590,1
236,1,1,1,1,0,35,1,961,1
237,0,0,0,0,0,5,540,158,1
238,0,0,0,0,0,645,8,1732,1
239,1,1,1,0,0,1,244,28,1
240,0,0,1,0,0,0,26,55,1
241,1,1,1,1,0,149,0,838,1
242,0,0,0,0,0,24,842,233,1
243,1,1,0,1,0,159,0,1628,1
244,0,0,1,1,0,62,0,139,1
245,1,1,0,1,0,107,306,1061,1
246,0,0,0,0,0,0,215,20,1
247,1,1,1,1,0,379,35,1366,1
248,1,1,1,1,0,266,1,858,1
249,0,0,0,1,0,117,322,785,1
250,0,0,0,0,0,194,2,1406,1
251,0,0,0,0,0,2,12,0,1
252,1,1,1,1,0,495,8,1630,1
253,0,0,1,0,0,99,0,71,1
254,0,0,0,0,0,134,0,1225,1
255,1,0,1,0,0,15,1,1021,1
256,1,1,0,0,0,4,47,1,1
257,0,0,1,0,0,142,1,1174,1
258,0,0,0,0,0,19,834,281,1
259,0,0,0,0,0,1,218,24,1
260,1,0,1,0,0,41,1,812,1
261,0,0,0,0,0,1,78,1,1
262,0,0,1,0,0,563,81,361,1
263,0,0,0,0,0,1,312,42,1
264,1,1,1,0,0,164,5,358,1
265,1,1,1,1,0,547,7,1682,1
266,0,0,0,0,0,0,22,1,1
267,0,0,0,1,0,3,0,485,1
268,1,1,1,1,0,376,13,1034,1
269,1,0,1,1,0,15,0,1765,1
270,0,0,1,0,0,16,1,631,1
271,0,0,0,0,0,41,353,4,1
272,0,0,1,1,0,401,336,991,1
273,0,0,0,0,0,0,60,10,1
274,0,0,0,1,0,0,43,82,1
275,0,0,0,0,0,102,3,1379,1
276,0,1,1,0,0,413,17,1050,1
277,0,0,0,0,0,1,34,93,1
278,0,0,0,1,0,596,12,1933,1
279,0,0,0,0,0,0,1,0,1
280,0,0,0,0,0,14,235,0,1
281,0,0,0,0,0,377,11,1831,1
282,0,0,1,1,0,279,0,282,1
283,1,1,1,1,0,383,5,1962,1
284,0,0,0,0,0,0,115,0,1
285,0,0,0,0,0,1,4,4,1
286,0,0,0,0,0,50,2,523,1
287,0,0,1,0,0,3,308,39,1
288,1,1,1,1,0,328,0,1244,1
289,1,0,0,0,0,345,365,1556,1
290,0,1,1,1,0,425,4,1509,1
291,0,0,0,0,0,511,20,856,1
292,0,0,1,0,0,44,5,722,1
293,0,0,0,0,0,20,0,49,1
294,1,1,1,1,0,805,57,2028,1
295,0,0,1,0,0,26,0,1181,1
296,0,0,1,0,0,876,27,1492,1
297,0,0,0,0,0,863,1023,1107,1
298,1,1,0,0,0,2,348,41,1
299,0,0,0,0,0,360,637,1101,1
300,0,0,1,1,0,94,1,718,1
301,0,0,1,0,0,823,1,1121,1
302,0,0,0,0,0,0,307,32,1
303,1,1,0,1,0,4,0,567,1
304,0,0,1,0,0,37,35,9,1
305,1,1,0,0,0,0,229,24,1
306,0,0,0,0,0,14,200,3,1
307,0,0,1,1,0,394,1,214,1
308,0,0,0,0,0,263,66,1115,1
309,0,0,0,1,0,0,27,58,1
310,0,0,0,0,0,80,0,1375,1
311,1,1,1,1,0,120,597,8,1
312,1,1,1,1,0,271,315,1270,1
313,0,1,1,0,0,229,4,1924,1
314,1,1,1,1,0,18,3,564,1
315,0,1,1,1,0,79,78,447,1
316,0,0,0,0,0,412,31,715,1
317,0,0,0,1,0,2,42,39,1
318,0,0,0,0,0,0,319,73,1
319,0,0,1,0,0,21,0,543,1
320,0,0,1,0,0,16,1,658,1
321,0,0,1,1,0,226,0,1654,1
322,0,0,0,0,0,874,2,1277,1
323,0,0,0,0,0,0,209,24,1
324,0,0,0,0,0,8,84,3,1
325,0,0,0,0,0,504,895,326,1
326,0,0,0,0,0,1,321,33,1
327,1,1,1,0,0,589,1,1775,1
328,0,0,1,0,0,39,0,226,1
329,0,0,0,0,0,487,885,1562,1
330,0,0,0,0,0,2,327,58,1
331,1,0,0,1,0,488,672,1990,1
332,0,0,0,0,0,227,45,657,1
333,1,0,1,1,0,753,0,957,1
334,1,0,0,0,0,77,418,15,1
335,0,0,1,0,0,0,308,23,1
336,1,1,1,1,0,169,5,864,1
337,1,1,1,1,0,206,0,489,1
338,0,0,0,0,0,321,12,1660,1
339,1,0,1,0,0,295,0,1567,1
340,0,0,0,0,0,102,84,1,1
341,0,1,1,0,0,52,0,1960,1
342,1,1,1,1,0,800,6,1158,1
343,0,0,0,0,0,10,15,3,1
344,0,0,1,1,0,66,1,67,1
345,1,0,0,1,0,779,0,1921,1
346,1,1,1,1,0,933,212,1876,1
347,0,0,1,1,0,20,0,1836,1
348,1,1,1,0,0,480,31,427,1
349,1,1,1,1,0,161,0,763,1
350,1,1,0,1,0,17,1,574,1
351,1,0,1,0,0,9,0,6,1
352,0,0,0,0,0,872,0,1479,1
353,0,0,0,0,0,0,84,0,1
354,0,0,0,0,0,6,107,2,1
355,1,0,1,0,0,635,43,266,1
356,0,0,0,1,0,79,0,922,1
357,0,0,0,0,0,96,29,162,1
358,0,0,0,1,0,418,588,626,1
359,0,0,1,0,0,52,2,394,1
360,1,1,1,1,0,181,0,501,1
361,0,1,1,0,0,514,850,1478,1
362,1,1,1,1,0,67,0,443,1
363,0,0,0,0,0,1,29,69,1
364,1,1,0,0,0,297,403,203,1
365,0,0,0,0,0,708,3,398,1
366,0,0,0,1,0,10,0,1360,1
367,0,0,0,0,0,47,186,1,1
368,0,0,0,0,0,54,735,6,1
369,0,0,0,0,0,0,9,0,1
370,1,0,1,1,0,202,16,1638,1
371,1,1,1,0,0,295,3,1018,1
372,0,0,0,1,0,1,335,36,1
373,1,1,1,0,0,62,0,931,1
374,1,1,1,1,0,152,0,1502,1
375,1,1,1,1,0,125,1,828,1
376,0,0,1,1,0,372,53,751,1
377,0,0,0,0,0,2,1,546,1
378,0,0,0,0,0,70,5,951,1
379,1,1,0,0,0,278,4,1978,1
380,1,1,0,1,0,517,0,289,1
381,0,0,0,0,0,397,959,0,1
382,0,0,1,0,0,37,0,0,1
383,0,0,1,1,0,13,157,5,1
384,0,0,1,0,0,107,30,1391,1
385,0,0,0,0,0,1010,1080,2006,1
386,0,0,0,0,0,253,37,1352,1
387,0,0,0,0,0,8,45,5,1
388,0,0,0,0,0,720,882,1893,1
389,1,0,1,0,0,255,1,651,1
390,1,1,0,1,0,576,801,1585,1
391,1,1,1,0,0,626,0,1522,1
392,0,0,0,0,0,0,21,1,1
393,0,0,1,1,0,71,0,570,1
394,0,0,0,0,0,2,427,118,1
395,0,0,0,0,0,772,870,521,1
396,0,0,0,0,0,307,1,1744,1
397,0,0,0,0,0,0,39,0,1
398,1,1,0,1,0,354,409,1138,1
399,1,1,0,0,0,1,312,36,1
400,0,0,0,0,0,0,225,18,1
401,0,1,1,0,0,128,804,18,1
402,0,0,0,0,0,3,39,3,1
403,1,1,1,0,0,148,749,5,1
404,0,0,1,1,0,137,0,1952,1
405,1,0,1,1,0,666,3,1865,1
406,0,0,0,0,0,150,0,668,1
407,0,0,0,0,0,0,27,115,1
408,0,1,0,1,0,41,1,387,1
409,1,1,1,1,0,356,65,1289,1
410,0,1,1,0,0,613,997,105,1
411,0,0,0,0,0,845,1,1727,1
412,1,1,1,0,0,50,0,456,1
413,0,0,1,0,0,74,7,1945,1
414,0,0,1,1,0,666,1,1084,1
415,0,0,1,0,0,0,248,35,1
416,0,0,1,0,0,1371,1,1632,1
417,0,0,0,0,0,329,0,879,1
418,1,1,1,0,0,163,25,883,1
419,1,0,1,1,0,789,0,1772,1
420,0,0,0,0,0,8,1,201,1
421,0,0,0,0,0,848,1,110,1
422,0,0,1,0,0,145,0,614,1
423,0,0,0,0,1,1526,222,1117,1
424,0,0,0,0,0,9,413,103,1
425,1,1,1,1,0,47,1,753,1
426,0,0,0,0,0,3,38,5,1
427,0,0,1,0,0,13,5,1370,1
428,0,0,1,0,0,1386,0,2029,1
429,0,0,1,0,0,668,1,895,1
430,0,0,0,0,0,1,243,21,1
431,0,0,0,0,0,430,703,1720,1
432,0,0,1,1,0,949,0,1586,1
433,0,0,1,1,0,16,1,525,1
434,0,0,0,0,0,14,835,284,1
435,0,0,0,0,0,4,100,0,1
436,1,1,0,1,0,259,48,1002,1
437,1,1,1,0,0,144,0,551,1
438,1,1,1,1,0,20,0,1039,1
439,0,0,0,0,0,510,0,1959,1
440,0,0,0,0,0,12,64,7,1
441,1,1,1,1,0,584,0,535,1
442,0,0,0,0,0,777,275,1832,1
443,0,0,0,0,0,27,879,237,1
444,0,0,0,0,0,0,30,0,1
445,0,1,0,0,0,0,18,0,1
446,0,0,0,1,0,0,44,100,1
447,0,0,1,0,0,2,51,113,1
448,1,0,1,1,0,206,199,1116,1
449,0,1,1,1,0,186,332,36,1
450,0,1,0,0,0,163,1,1558,1
451,1,1,1,1,0,136,1,1795,1
452,1,1,1,1,0,100,1,1162,1
453,0,0,0,0,0,98,255,37,1
454,1,1,1,1,0,90,1,1172,1
455,0,0,1,0,0,7,0,1092,1
456,1,1,1,1,0,270,1,650,1
457,0,0,0,1,0,751,3,2003,1
458,0,0,0,0,0,60,0,569,1
459,0,0,0,0,0,1,73,1,1
460,1,1,0,1,0,760,2,1716,1
461,1,1,1,1,0,74,0,963,1
462,0,0,0,0,0,3,252,22,1
463,0,0,1,0,0,3,496,149,1
464,0,0,0,0,0,9,91,8,1
465,0,0,0,0,0,247,13,298,1
466,0,0,1,1,0,8,0,326,1
467,0,1,1,1,0,30,463,22,1
468,0,0,1,1,0,795,114,1046,1
469,0,0,0,0,0,1,422,92,1
470,1,1,1,1,0,254,2,1513,1
471,0,0,0,0,0,622,26,1606,1
472,0,0,0,0,0,445,4,1854,1
473,0,0,0,0,0,431,0,1939,1
474,0,0,1,1,0,649,4,1541,1
475,0,0,0,0,0,2,289,31,1
476,0,0,0,0,0,723,914,1589,1
477,0,0,0,1,0,0,10,75,1
478,0,0,0,0,0,2,328,39,1
479,1,1,1,0,0,33,13,503,1
480,1,0,0,0,0,7,30,2,1
481,0,0,0,1,0,409,0,1032,1
482,0,0,0,0,0,525,1004,102,1
483,1,1,1,1,0,712,101,2018,1
484,0,0,0,0,0,202,469,118,1
485,0,0,1,1,0,937,0,2035,1
486,0,0,0,0,0,17,828,255,1
487,0,0,0,0,0,99,462,45,1
488,0,0,1,0,0,34,1,1833,1
489,0,0,0,0,0,0,37,0,1
490,0,0,1,1,0,368,14,101,1
491,1,1,0,0,0,69,755,1,1
492,0,0,1,1,0,6,0,490,1
493,1,1,1,1,0,1029,1,1969,1
494,0,0,0,1,0,452,495,1815,1
495,1,1,0,0,0,150,0,1996,1
496,1,1,1,0,0,119,0,623,1
497,0,1,1,1,0,9,1,802,1
498,1,1,1,1,0,41,8,2,1
499,1,0,0,1,0,206,0,1094,1
500,0,1,0,0,0,358,14,769,1
501,0,0,0,0,0,17,201,1,1
502,0,0,0,0,0,90,22,1745,1
503,0,0,0,0,0,93,93,1679,1
504,0,0,0,0,0,20,817,271,1
505,0,1,1,1,0,150,2,267,1
506,1,1,1,1,0,119,1,1598,1
507,0,0,0,0,0,27,829,247,1
508,0,0,0,0,0,0,25,0,1
509,1,1,1,1,0,12,0,197,1
510,0,0,0,0,0,521,862,107,1
511,1,0,1,1,0,411,0,942,1
512,0,0,0,0,0,1,69,11,1
513,0,0,0,0,0,0,67,0,1
514,0,0,0,1,0,606,969,323,1
515,0,0,0,0,0,55,2,413,1
516,0,0,0,0,0,1023,283,1911,1
517,1,1,0,1,0,664,4,1862,1
518,0,0,0,0,0,681,1002,1078,1
519,1,1,1,1,0,991,65,1535,1
520,1,1,1,0,0,42,0,462,1
521,1,1,1,0,0,110,109,880,1
522,0,0,1,1,0,757,7,1935,1
523,0,0,1,0,0,0,246,20,1
524,1,1,1,1,0,298,0,2005,1
525,1,1,1,0,0,652,3,1965,1
526,0,1,0,0,0,369,7,799,1
527,0,0,1,0,0,39,0,171,1
528,0,0,1,0,0,187,509,355,1
529,0,0,1,0,0,404,3,292,1
530,1,1,1,0,0,625,1,592,1
531,1,1,0,1,0,196,8,801,1
532,1,0,0,0,0,522,1,1760,1
533,0,0,0,1,0,518,920,962,1
534,0,0,0,0,0,3,314,41,1
535,0,0,0,0,0,0,143,17,1
536,0,1,1,0,0,318,992,2,1
537,0,0,0,1,0,840,0,1974,1
538,1,1,1,1,0,884,1063,1710,1
539,1,1,1,1,0,605,133,1757,1
540,1,0,1,1,0,29,1,99,1
541,0,0,1,0,0,238,0,1823,1
542,0,0,0,0,0,554,19,505,1
543,1,1,1,1,0,830,86,836,1
544,0,0,0,0,0,1,260,16,1
545,0,0,1,0,0,513,1,1482,1
546,0,1,0,0,0,79,0,1825,1
547,1,1,1,1,0,276,1,796,1
548,0,0,0,0,1,887,151,87,1
549,0,0,0,0,0,75,0,1146,1
550,0,1,1,0,0,155,892,1,1
551,0,0,1,0,0,7,1,1108,1
552,0,0,0,1,0,1,349,44,1
553,0,0,1,0,0,101,1,534,1
554,0,0,0,0,0,133,253,18,1
555,1,0,1,0,0,259,0,400,1
556,0,0,1,1,0,273,1,908,1
557,1,1,0,1,0,730,7,1901,1
558,0,0,0,1,0,4,0,115,1
559,0,0,0,0,0,1,41,1,1
560,1,1,1,1,0,177,4,1055,1
561,0,0,1,1,0,259,0,1145,1
562,1,1,1,0,0,36,1,887,1
563,0,0,1,0,0,426,0,779,1
564,0,0,0,0,0,1,30,100,1
565,0,0,1,0,0,317,5,1928,1
566,0,0,0,1,0,17,463,4,1
567,0,0,0,0,0,20,267,1,1
568,0,0,1,0,0,341,15,1859,1
569,1,1,1,1,0,393,0,1205,1
570,0,0,0,1,0,685,5,918,1
571,1,1,1,1,0,196,1,606,1
572,0,0,1,0,0,98,24,844,1
573,1,1,1,1,0,447,0,1659,1
574,0,0,0,0,0,165,2,1428,1
575,0,0,1,0,0,144,0,91,1
576,0,0,0,0,0,747,1,872,1
577,0,0,0,1,0,75,4,624,1
578,0,0,1,0,0,8,518,149,1
579,0,0,0,0,0,224,1,1726,1
580,0,0,0,0,0,0,60,0,1
581,0,0,0,0,0,8,89,18,1
582,0,0,0,0,0,450,736,1963,1
583,1,1,1,1,0,129,4,509,1
584,0,1,0,0,0,270,876,0,1
585,0,0,0,0,0,0,399,89,1
586,0,0,0,0,0,4,386,76,1
587,0,0,0,0,0,1,240,14,1
588,1,1,1,1,0,99,0,604,1
589,0,0,1,1,0,66,2,287,1
590,0,0,0,1,0,466,0,1636,1
591,1,1,1,1,0,15,3,434,1
592,0,0,1,0,0,652,92,1635,1
593,1,0,0,1,0,803,3,1971,1
594,0,0,0,0,0,1,155,0,1
595,0,0,0,0,0,8,0,41,1
596,0,0,0,0,0,52,208,1,1
597,0,0,1,0,0,343,775,998,1
598,1,1,0,1,0,342,143,22,1
599,1,0,1,0,0,603,3,1779,1
600,0,0,1,0,0,237,2,1526,1
601,0,0,1,0,0,160,194,318,1
602,0,0,0,0,0,3,30,1,1
603,1,1,1,0,0,65,0,1351,1
604,1,0,1,0,0,827,932,1943,1
605,0,0,0,0,0,621,796,1919,1
606,1,1,1,1,0,116,0,1260,1
607,0,0,0,0,0,24,539,22,1
608,0,0,0,0,0,226,315,1299,1
609,0,0,1,0,0,849,1,1752,1
610,0,0,0,0,0,29,95,3,1
611,0,0,0,0,0,0,20,0,1
612,0,0,0,0,0,318,682,45,1
613,1,1,1,1,0,6,0,768,1
614,1,1,1,0,0,941,41,432,1
615,1,0,0,1,0,198,0,1680,1
616,0,1,0,1,0,907,13,1013,1
617,0,0,1,1,0,16,3,110,1
618,0,0,0,0,1,1285,1072,1869,1
619,0,0,0,1,0,36,0,269,1
620,0,0,0,0,0,327,0,540,1
621,1,1,1,1,0,793,347,1107,1
622,1,0,0,0,0,22,864,265,1
623,0,0,0,0,0,3,214,25,1
624,0,0,0,0,0,2,321,44,1
625,0,0,1,0,0,51,0,1464,1
626,0,0,0,0,0,61,3,1118,1
627,0,0,1,0,0,724,6,732,1
628,0,0,0,0,0,2,244,19,1
629,0,0,0,0,0,11,189,5,1
630,0,0,0,0,0,562,907,384,1
631,0,0,0,0,0,1,393,111,1
632,1,1,0,1,0,57,1,1942,1
633,1,1,0,0,0,559,1,135,1
634,0,0,0,0,0,0,310,35,1
635,0,0,0,0,0,0,96,2,1
636,0,0,1,1,0,131,1,594,1
637,0,0,1,0,0,233,0,1573,1
638,0,0,1,0,0,85,13,108,1
639,1,1,1,0,0,263,29,1012,1
640,0,0,0,0,0,782,958,335,1
641,0,0,1,0,0,173,16,1027,1
642,0,0,1,1,0,66,1,803,1
643,1,1,1,1,0,36,0,280,1
644,0,0,1,1,0,427,43,595,1
645,0,0,0,0,0,7,156,1,1
646,0,1,1,0,0,55,732,0,1
647,0,0,0,0,0,5,431,107,1
648,0,1,1,1,0,802,633,1534,1
649,1,1,0,1,0,778,7,685,1
650,0,0,0,0,0,2,320,21,1
651,1,1,1,1,0,393,2,486,1
652,0,0,0,0,0,8,547,160,1
653,1,1,0,1,0,98,8,849,1
654,0,0,0,0,0,29,0,784,1
655,0,0,0,0,0,2,14,1,1
656,0,0,1,0,0,357,93,1980,1
657,1,1,1,0,0,419,0,1688,1
658,0,0,1,0,0,507,690,1672,1
659,0,0,1,1,0,223,0,1325,1
660,0,0,0,0,0,85,983,4,1
661,1,1,0,0,0,928,129,2041,1
662,1,1,1,1,0,260,0,441,1
663,1,0,1,1,0,60,11,1014,1
664,1,0,1,1,0,10,1,422,1
665,0,1,0,0,0,171,6,609,1
666,0,0,0,0,0,66,802,30,1
667,1,1,1,1,0,145,0,1417,1
668,0,0,0,0,0,1420,1116,1922,1
669,0,0,0,1,0,290,631,13,1
670,0,0,0,0,0,2,322,30,1
671,0,0,0,0,0,15,129,3,1
672,0,0,0,0,0,351,1005,79,1
673,1,1,1,0,0,315,1,2021,1
674,0,0,0,1,0,856,30,1100,1
675,0,0,1,0,0,963,3,383,1
676,0,0,0,0,0,0,30,0,1
677,0,0,1,0,0,697,934,1580,1
678,1,0,0,1,0,512,0,366,1
679,1,1,1,0,0,774,8,1894,1
680,1,1,0,0,0,1,303,29,1
681,1,1,1,0,0,373,0,1098,1
682,1,1,1,0,0,139,43,1141,1
683,1,0,0,1,0,5,0,283,1
684,0,0,1,0,0,1,425,96,1
685,0,0,1,1,0,30,0,1405,1
686,1,1,1,1,0,200,5,403,1
687,1,0,1,1,0,45,0,77,1
688,0,0,0,0,0,187,178,1388,1
689,0,0,0,0,0,38,110,1,1
690,1,1,0,1,0,193,0,2032,1
691,0,0,0,0,0,3,510,141,1
692,1,0,0,1,0,417,1,1323,1
693,0,0,0,0,1,1100,1112,647,1
694,0,0,0,0,0,132,0,1495,1
695,0,0,0,0,0,2,25,84,1
696,0,0,0,0,0,184,970,138,1
697,1,1,0,0,0,8,5,27,1
698,0,0,1,0,0,497,1,2039,1
699,0,0,1,1,0,12,0,1269,1
700,0,0,0,1,0,9,25,263,1
701,0,0,0,1,0,6,36,130,1
702,0,0,1,0,0,0,32,78,1
703,0,0,0,0,0,1,309,30,1
704,1,0,1,1,0,204,1,1858,1
705,1,1,1,1,0,113,0,1701,1
706,0,0,0,0,0,0,217,14,1
707,1,1,1,1,0,641,1,1799,1
708,0,0,0,0,0,58,0,1237,1
709,0,0,1,0,0,86,28,174,1
710,0,1,0,0,0,17,4,181,1
711,1,0,0,0,0,14,478,4,1
712,0,0,0,0,0,12,556,147,1
713,0,0,0,0,0,35,866,343,1
714,0,0,0,0,0,5,69,0,1
715,0,1,1,1,0,86,380,26,1
716,0,0,1,0,0,29,10,1045,1
717,1,1,1,1,0,566,2,2022,1
718,1,0,0,1,0,36,0,302,1
719,1,0,1,1,0,237,6,187,1
720,0,0,0,0,0,2,52,116,1
721,1,1,0,0,0,0,285,24,1
722,0,0,1,0,0,52,1,1510,1
723,0,0,0,0,0,0,30,0,1
724,0,0,0,0,0,39,0,1327,1
725,0,0,0,0,0,590,869,141,1
726,0,0,1,0,0,628,1,821,1
727,0,0,0,0,0,0,20,0,1
728,0,0,1,0,0,17,0,636,1
729,0,0,1,1,0,82,1,672,1
730,0,0,0,0,0,1,357,59,1
731,1,0,0,1,0,10,161,4,1
732,0,0,0,0,0,69,696,10,1
733,0,0,0,0,0,4,135,1,1
734,0,0,0,0,0,21,819,299,1
735,1,1,0,1,0,270,0,1822,1
736,1,0,1,1,0,764,1,1368,1
737,0,0,0,0,0,0,18,0,1
738,1,1,1,1,0,636,900,1993,1
739,0,0,0,0,0,145,1,150,1
740,0,0,1,0,0,264,0,1964,1
741,1,1,0,1,0,85,0,168,1
742,0,0,1,1,0,256,246,1948,1
743,1,1,0,0,0,199,119,4,1
744,0,0,1,0,0,81,1,732,1
745,1,1,1,1,0,1087,1,1867,1
746,1,1,1,1,0,205,2,1263,1
747,0,0,0,0,0,116,1,992,1
748,0,0,1,0,0,317,1,906,1
749,0,0,0,1,0,12,667,2,1
750,0,0,1,0,0,153,2,1201,1
751,0,0,0,0,0,17,0,0,1
752,0,0,1,1,0,683,1,1080,1
753,1,0,1,1,0,50,0,579,1
754,1,1,1,1,0,336,494,510,1
755,1,1,1,1,0,172,2,1281,1
756,0,0,0,0,0,0,70,0,1
757,1,1,0,1,0,5,0,971,1
758,1,1,1,0,0,438,0,1890,1
759,1,1,0,0,0,4,420,72,1
760,0,0,0,0,0,7,31,66,1
761,0,0,0,0,0,11,838,271,1
762,0,0,0,0,0,149,339,484,1
763,0,0,0,0,0,3,29,1,1
764,0,0,1,1,0,567,722,1687,1
765,0,0,1,0,0,128,1,870,1
766,0,0,0,0,0,0,26,63,1
767,0,1,0,1,0,46,20,322,1
768,1,0,0,1,0,444,68,1320,1
769,1,0,1,0,0,7,0,98,1
770,0,0,0,0,0,20,279,1,1
771,0,0,1,0,0,731,0,816,1
772,0,0,1,0,0,1018,1096,807,1
773,1,1,1,0,0,78,2,390,1
774,0,0,0,0,0,68,0,724,1
775,0,0,0,0,0,51,2,1595,1
776,0,0,0,0,0,902,5,1629,1
777,0,0,0,1,0,65,206,24,1
778,0,0,0,0,0,4,70,1,1
779,0,1,1,0,0,423,10,596,1
780,0,0,1,0,0,83,6,1475,1
781,0,0,0,0,0,4,446,97,1
782,0,0,1,0,0,492,5,1671,1
783,0,1,1,1,0,776,5,599,1
784,1,0,1,0,0,279,4,665,1
785,0,1,0,1,0,228,1,1926,1
786,0,0,0,0,0,473,986,0,1
787,0,0,1,1,0,10,0,1047,1
788,0,1,1,1,0,43,0,737,1
789,0,0,0,0,0,716,918,1927,1
790,0,1,0,0,0,0,0,1,1
791,1,1,1,1,0,107,1,1540,1
792,1,1,0,1,0,273,42,1718,1
793,0,0,0,0,0,17,826,253,1
794,0,0,0,0,0,22,189,8,1
795,0,0,0,0,0,33,1,480,1
796,1,0,1,1,0,904,360,1115,1
797,0,0,1,1,0,1110,3,285,1
798,0,0,1,1,0,990,1,1841,1
799,1,1,1,0,0,278,29,137,1
800,0,1,1,0,0,98,48,782,1
801,0,0,0,1,0,380,0,1217,1
802,0,0,0,0,0,370,1,1004,1
803,0,0,0,0,0,255,234,410,1
804,0,0,0,0,0,0,15,0,1
805,0,0,0,1,0,0,33,79,1
806,0,0,0,1,0,3,63,1,1
807,0,0,0,0,0,4,100,1,1
808,0,0,0,0,0,1,333,37,1
809,0,0,0,0,0,296,2,1238,1
810,1,1,1,1,0,618,3,1582,1
811,0,0,0,0,0,26,4,900,1
812,1,1,1,1,0,882,1055,2016,1
813,0,0,0,0,0,1031,990,1983,1
814,0,0,0,0,0,4,28,2,1
815,0,0,0,1,0,2,41,1,1
816,0,0,1,0,0,0,246,50,1
817,0,0,1,1,0,21,0,63,1
818,0,0,1,0,0,1264,0,1908,1
819,0,0,0,0,0,357,608,114,1
820,0,0,0,0,0,4,32,29,1
821,0,0,0,0,0,0,14,90,1
822,1,1,0,0,0,476,0,713,1
823,0,0,0,0,0,1,292,25,1
824,0,0,0,0,0,2,99,7,1
825,1,1,1,1,0,15,3,273,1
826,1,0,1,1,0,623,823,1024,1
827,1,0,1,0,0,6,0,11,1
828,0,0,1,0,0,296,2,1738,1
829,1,0,0,1,0,67,0,126,1
830,0,0,0,0,0,462,14,1637,1
831,0,0,0,1,0,176,1,506,1
832,1,1,0,1,0,33,38,17,1
833,1,1,1,1,0,294,224,253,1
834,1,1,0,1,0,61,0,77,1
835,0,0,0,0,0,2,312,44,1
836,0,0,1,0,0,303,142,1350,1
837,0,0,0,0,0,4,24,0,1
838,1,1,1,1,0,113,1,420,1
839,0,0,0,0,0,5,91,1,1
840,1,0,1,1,0,98,45,2011,1
841,1,1,0,1,0,47,65,3,1
842,0,0,1,0,0,49,2,237,1
843,0,0,0,0,0,1,38,92,1
844,0,0,0,1,0,890,910,1798,1
845,0,0,0,0,0,0,26,23,1
846,0,1,0,1,0,165,210,1197,1
847,0,0,1,1,0,1142,1115,1828,1
848,1,0,0,1,0,102,1,207,1
849,0,0,0,0,0,762,0,576,1
850,1,1,1,1,0,519,1,659,1
851,0,0,0,0,0,13,0,648,1
852,0,0,1,0,1,1117,670,1593,1
853,1,0,0,1,0,363,0,1143,1
854,0,1,0,1,0,452,3,1697,1
855,0,0,0,1,0,23,117,16,1
856,0,0,0,0,0,32,769,4,1
857,0,0,1,1,0,132,1,319,1
858,0,0,0,0,0,814,1028,2007,1
859,0,0,1,0,0,698,1,568,1
860,1,1,1,1,0,677,1,884,1
861,1,1,1,0,0,822,1,1259,1
862,1,1,1,1,0,673,3,1521,1
863,1,1,1,0,0,245,0,853,1
864,1,1,0,1,0,93,1,1747,1
865,0,0,0,0,0,2,31,1,1
866,0,0,0,0,0,38,596,4,1
867,0,0,1,0,0,785,6,1566,1
868,0,0,0,0,0,11,193,0,1
869,1,1,1,1,0,111,0,613,1
870,0,0,0,0,0,5,350,0,1
871,0,0,0,0,0,7,40,106,1
872,1,1,1,0,0,9,0,118,1
873,0,0,0,0,0,5,486,139,1
874,0,0,1,0,0,78,0,392,1
875,1,1,1,1,0,1021,6,1376,1
876,1,1,1,0,0,460,3,501,1
877,0,0,1,0,0,2,113,8,1
878,0,0,1,1,0,561,85,689,1
879,0,0,0,0,0,1,9,1,1
880,0,0,1,1,0,178,1,1906,1
881,1,1,0,1,0,7,0,550,1
882,0,0,1,0,0,62,1,622,1
883,1,1,0,1,0,281,2,435,1
884,0,0,1,1,0,254,791,11,1
885,1,0,1,1,0,151,2,381,1
886,0,0,0,0,0,451,32,770,1
887,0,0,0,0,0,612,854,1767,1
888,0,0,0,0,0,51,807,370,1
889,0,0,0,0,0,0,242,19,1
890,1,0,0,1,0,74,2,359,1
891,0,0,1,0,0,200,8,1079,1
892,1,0,0,1,0,69,4,143,1
893,1,0,0,1,0,52,2,1246,1
894,1,0,0,1,0,69,12,147,1
895,0,0,0,1,0,408,0,1550,1
896,0,0,1,0,0,507,2,868,1
897,0,0,1,1,0,29,52,56,1
898,0,0,1,0,0,35,0,663,1
899,0,0,0,0,0,311,0,1704,1
900,0,0,0,0,0,40,0,637,1
901,0,0,1,1,0,485,13,1619,1
902,0,0,0,0,0,61,144,118,1
903,1,1,1,1,0,253,0,1221,1
904,0,1,1,1,0,209,1,615,1
905,1,1,0,0,0,15,152,324,1
906,1,1,1,1,0,299,0,1653,1
907,0,0,0,0,0,60,1,1294,1
908,1,1,1,1,0,352,1,1651,1
909,0,0,0,0,0,869,806,1457,1
910,1,1,1,1,0,97,0,1791,1
911,0,0,0,1,0,910,0,2015,1
912,1,0,1,0,0,149,136,701,1
913,1,1,1,1,0,374,1,680,1
914,0,0,1,1,0,828,4,896,1
915,1,0,1,1,0,14,0,117,1
916,1,1,1,0,0,587,2,1037,1
917,0,0,0,1,0,361,5,628,1
918,0,0,0,0,0,6,119,0,1
919,0,0,0,0,0,5,405,77,1
920,0,0,0,0,0,2,51,0,1
921,1,1,1,1,0,43,1,905,1
922,1,1,1,1,0,478,1,743,1
923,0,1,0,1,0,707,1,378,1
924,1,1,1,1,0,333,267,1729,1
925,0,0,1,1,0,866,2,1286,1
926,0,0,1,0,0,1,308,33,1
927,1,1,1,1,0,166,18,4,1
928,0,0,1,0,0,86,0,1669,1
929,0,0,0,0,0,750,1008,50,1
930,1,1,1,1,0,283,836,1839,1
931,1,0,1,1,0,70,0,1539,1
932,1,1,1,0,0,66,2,1088,1
933,0,0,0,0,0,79,1,881,1
934,0,0,1,0,0,1052,538,2025,1
935,0,0,0,0,0,6,43,2,1
936,0,0,0,0,0,242,923,1062,1
937,0,0,0,0,0,2,524,167,1
938,0,0,0,0,0,127,1,783,1
939,0,0,0,1,0,38,69,797,1
940,0,0,0,1,0,234,215,1929,1
941,1,1,1,1,0,20,0,80,1
942,0,0,1,1,0,637,1,1733,1
943,1,1,1,1,0,110,0,939,1
944,0,0,0,0,0,1,32,89,1
945,0,0,1,0,0,420,595,1961,1
946,0,0,0,1,0,2,21,1,1
947,1,1,0,1,0,272,0,240,1
948,1,1,1,1,0,259,286,1396,1
949,0,0,1,1,0,422,2,1826,1
950,0,1,1,0,0,241,502,529,1
951,1,1,1,1,0,114,193,1992,1
952,0,0,0,1,0,114,225,960,1
953,0,0,0,0,0,610,824,871,1
954,0,0,1,0,0,66,952,0,1
955,1,1,1,1,0,180,1,866,1
956,0,0,1,0,0,3,0,1051,1
957,0,0,1,1,0,446,0,1444,1
958,0,0,1,1,0,945,1042,2034,1
959,1,1,1,1,0,524,7,1800,1
960,1,1,1,1,0,348,1,1709,1
961,1,1,1,0,0,81,39,621,1
962,0,0,1,0,0,381,1,533,1
963,1,0,1,1,0,141,24,402,1
964,0,0,0,1,0,0,35,44,1
965,0,0,0,0,0,12,845,241,1
966,0,0,0,0,0,367,1003,109,1
967,0,0,1,0,0,56,1,1204,1
968,0,0,0,0,0,0,97,0,1
969,0,0,1,1,0,15,1,142,1
970,1,1,0,1,0,90,3,1159,1
971,0,0,0,0,0,6,150,0,1
972,0,0,0,0,0,4,30,3,1
973,0,0,0,0,0,1024,1101,593,1
974,1,1,1,0,0,63,1,669,1
975,0,0,0,0,0,0,28,0,1
976,0,0,1,0,0,172,1,1448,1
977,0,0,0,0,0,0,322,65,1
978,0,0,1,0,0,798,1024,638,1
979,0,0,0,0,0,373,548,1663,1
980,0,0,0,0,0,6,513,174,1
981,1,1,0,0,0,1064,1,2042,1
982,1,1,1,0,0,986,21,921,1
983,0,0,0,0,0,305,0,1387,1
984,0,0,1,0,0,457,1,1852,1
985,1,0,1,0,0,1030,158,2037,1
986,1,1,1,1,0,836,1,832,1
987,0,0,0,0,0,1,29,1,1
988,0,0,0,0,0,7,503,177,1
989,1,1,1,1,0,219,2,1569,1
990,1,1,0,1,0,657,0,1818,1
991,1,1,1,1,0,303,4,1838,1
992,0,0,0,1,0,10,98,1,1
993,0,0,0,0,1,1098,1078,400,1
994,0,0,0,1,0,59,0,543,1
995,0,1,1,1,0,719,2,956,1
996,0,0,1,1,0,468,1,940,1
997,0,0,0,0,0,136,2,1093,1
998,1,1,0,0,0,27,298,305,1
999,0,0,0,0,0,5,513,171,1
1000,0,0,0,0,0,5,178,1,1
1001,0,0,0,0,0,0,271,31,1
1002,0,0,0,0,0,0,242,15,1
1003,1,0,0,0,0,84,14,189,1
1004,1,0,1,1,0,16,1,830,1
1005,1,1,1,1,0,11,2,1068,1
1006,0,0,1,0,0,64,0,917,1
1007,0,0,0,1,0,20,94,1,1
1008,0,0,0,0,0,10,549,146,1
1009,0,0,0,0,0,1,3,1,1
1010,0,0,0,0,0,25,93,765,1
1011,0,0,0,0,0,0,39,0,1
1012,1,0,0,0,0,33,881,251,1
1013,1,1,1,0,0,838,631,1938,1
1014,0,0,1,0,0,627,1,585,1
1015,0,0,0,0,0,4,535,164,1
1016,0,0,0,0,0,67,224,304,1
1017,0,0,1,0,0,594,17,1881,1
1018,0,0,0,0,0,40,0,1028,1
1019,0,0,0,0,0,2,309,25,1
1020,0,0,1,0,0,572,1,702,1
1021,0,1,1,1,0,156,405,341,1
1022,0,0,1,0,0,50,0,566,1
1023,1,1,1,1,0,129,1,710,1
1024,1,0,1,0,0,209,12,742,1
1025,0,0,0,0,0,2,267,17,1
1026,0,0,0,0,0,0,257,42,1
1027,0,0,0,0,0,7,33,3,1
1028,1,1,1,0,0,362,0,1564,1
1029,0,0,0,0,0,0,7,1,1
1030,1,1,1,1,0,855,4,731,1
1031,0,0,0,0,0,21,827,236,1
1032,1,1,0,1,0,313,0,1620,1
1033,0,0,0,1,0,665,785,684,1
1034,1,1,0,1,0,900,1066,1866,1
1035,1,1,1,0,0,10,0,219,1
1036,1,1,1,1,0,726,232,1069,1
1037,0,0,0,0,0,10,157,64,1
1038,0,1,1,1,0,983,550,1953,1
1039,0,0,0,0,0,8,0,415,1
1040,0,0,1,1,0,62,4,1675,1
1041,0,0,0,0,0,638,1,1025,1
1042,1,1,1,0,0,619,0,605,1
1043,0,0,0,0,0,0,109,1,1
1044,0,0,0,0,0,3,0,517,1
1045,0,0,1,1,0,1070,1,1418,1
1046,0,0,1,1,0,0,44,66,1
1047,0,1,1,1,0,702,6,1412,1
1048,0,0,1,0,0,642,15,1754,1
1049,1,0,0,1,0,551,0,1880,1
1050,0,0,1,0,0,763,0,1275,1
1051,0,0,0,0,0,8,567,171,1
1052,0,0,0,0,0,49,258,7,1
1053,0,0,1,0,0,632,46,1737,1
1054,0,0,1,0,0,0,25,82,1
1055,0,0,0,0,0,1,41,114,1
1056,0,0,0,0,0,1047,1103,1946,1
1057,0,0,0,0,0,282,0,801,1
1058,0,0,0,0,0,5,72,0,1
1059,0,0,1,0,0,437,3,973,1
1060,0,0,0,0,0,0,39,0,1
1061,1,1,1,1,0,64,0,152,1
1062,0,0,0,0,0,182,1,345,1
1063,0,0,0,0,0,3,189,1,1
1064,1,1,0,0,0,410,6,1936,1
1065,0,0,0,0,0,0,21,0,1
1066,0,0,1,1,0,33,1,924,1
1067,0,0,0,0,0,0,299,31,1
1068,0,0,0,0,0,11,589,352,1
1069,1,1,0,0,0,543,1,648,1
1070,0,0,0,0,0,1,300,26,1
1071,0,0,1,0,0,26,833,264,1
1072,0,0,0,0,0,998,106,1868,1
1073,0,0,1,0,0,1,423,102,1
1074,0,0,1,0,0,199,2,1601,1
1075,0,0,0,0,0,575,761,452,1
1076,1,1,1,0,0,399,94,756,1
1077,0,0,1,0,0,546,692,578,1
1078,0,0,1,0,0,844,5,969,1
1079,0,0,0,0,0,531,0,755,1
1080,0,0,0,0,0,0,238,11,1
1081,0,0,0,0,0,0,28,127,1
1082,1,1,0,0,0,8,0,675,1
1083,0,0,1,1,0,0,25,66,1
1084,0,0,1,1,0,60,240,89,1
1085,1,1,1,0,0,82,81,379,1
1086,0,0,0,1,0,12,2,1202,1
1087,0,0,0,0,0,62,644,1,1
1088,1,1,1,1,0,532,1,890,1
1089,1,0,1,1,0,85,1,1694,1
1090,0,0,0,0,0,23,816,256,1
1091,1,1,1,1,0,285,4,1076,1
1092,1,0,1,1,0,988,946,2030,1
1093,0,0,0,0,0,16,814,242,1
1094,0,0,0,1,0,2,41,110,1
1095,0,0,0,0,0,768,2,1900,1
1096,0,0,0,0,0,1,38,85,1
1097,0,1,1,1,0,31,0,465,1
1098,0,0,1,0,0,167,3,1668,1
1099,1,1,1,1,0,23,0,749,1
1100,0,1,0,1,0,74,558,14,1
1101,0,0,0,0,0,318,863,12,1
1102,1,1,1,1,0,1086,34,1975,1
1103,0,0,1,0,0,36,1,478,1
1104,1,0,1,1,0,13,3,75,1
1105,0,0,0,0,0,490,2,1157,1
1106,0,0,0,0,0,0,309,37,1
1107,1,1,1,1,0,98,2,882,1
1108,0,0,0,0,0,8,520,148,1
1109,1,1,1,0,0,274,1,421,1
1110,0,0,1,1,0,75,48,671,1
1111,1,1,1,1,0,22,1,910,1
1112,0,0,0,0,0,61,0,1999,1
1113,0,0,1,0,0,152,0,1297,1
1114,0,0,1,1,0,846,2,1934,1
1115,0,0,0,1,0,435,9,839,1
1116,0,0,1,0,0,396,2,407,1
1117,1,1,0,0,0,8,1,0,1
1118,1,1,1,0,0,180,3,31,1
1119,1,1,1,0,0,77,39,781,1
1120,1,0,0,0,0,7,2,706,1
1121,0,1,1,1,0,609,788,1607,1
1122,0,0,1,0,0,320,4,1389,1
1123,0,1,1,1,0,55,0,1345,1
1124,0,0,0,0,1,1234,1126,810,1
1125,0,0,0,0,0,32,17,145,1
1126,0,0,1,0,0,7,1,192,1
1127,0,0,0,0,0,20,820,256,1
1128,0,0,1,0,0,544,131,309,1
1129,1,1,0,1,0,268,1,515,1
1130,0,1,1,1,0,223,0,778,1
1131,0,0,0,0,0,1,312,31,1
1132,1,1,1,1,0,647,8,1988,1
1133,0,0,0,0,0,35,194,4,1
1134,1,1,0,0,0,6,2,1163,1
1135,0,0,1,0,0,325,13,1641,1
1136,1,0,1,1,0,18,0,532,1
1137,0,0,0,0,0,6,498,197,1
1138,0,0,1,0,0,0,320,35,1
1139,0,1,0,0,0,74,0,1288,1
1140,1,1,0,1,0,7,0,687,1
1141,0,0,0,0,0,2,1,1912,1
1142,0,0,0,0,0,564,979,1276,1
1143,0,0,0,0,0,18,306,42,1
1144,1,1,1,0,0,1069,0,1923,1
1145,0,0,1,1,0,9,1,90,1
1146,1,1,0,0,0,556,797,1951,1
1147,0,0,0,1,0,17,207,294,1
1148,0,0,0,0,0,3,531,150,1
1149,1,1,1,0,0,56,1,1420,1
1150,0,0,1,0,0,67,0,1984,1
1151,0,0,0,0,0,1,433,98,1
1152,0,0,0,0,0,141,1,874,1
1153,0,0,0,0,0,722,963,1210,1
1154,1,1,1,1,0,671,0,1685,1
1155,0,0,0,0,0,0,28,86,1
1156,0,0,0,1,0,236,126,251,1
1157,1,1,1,1,0,389,1,1505,1
1158,1,1,1,1,0,233,12,1461,1
1159,1,0,1,0,0,170,0,514,1
1160,0,0,0,0,0,15,796,294,1
1161,1,1,1,0,0,184,0,586,1
1162,1,1,1,1,0,329,1,885,1
1163,0,0,0,0,0,0,71,2,1
1164,0,0,0,0,0,0,241,18,1
1165,1,1,1,1,0,50,6,658,1
1166,0,0,0,0,0,678,1008,1777,1
1167,0,0,0,1,0,17,0,142,1
1168,0,0,0,0,0,414,944,175,1
1169,0,0,0,0,0,0,26,67,1
1170,0,0,0,1,0,9,199,1,1
1171,0,0,1,0,0,300,1,1040,1
1172,0,0,0,0,0,10,1,1449,1
1173,1,1,1,0,0,274,1,930,1
1174,0,0,0,0,0,7,159,15,1
1175,1,1,0,1,0,919,942,2036,1
1176,0,0,0,0,0,1,305,31,1
1177,0,0,1,1,0,530,1,860,1
1178,1,1,0,1,0,537,0,395,1
1179,1,1,0,1,0,661,5,1706,1
1180,1,0,1,1,0,35,2,980,1
1181,0,1,1,0,0,107,450,377,1
1182,1,1,0,1,0,353,0,471,1
1183,1,1,1,0,0,479,1,1400,1
1184,0,0,1,1,0,382,14,1813,1
1185,1,0,0,1,0,412,39,1872,1
1186,1,0,0,0,0,79,185,34,1
1187,0,0,0,0,0,0,37,61,1
1188,0,0,0,0,0,2,402,72,1
1189,0,0,0,0,0,8,511,159,1
1190,0,0,1,1,0,204,293,26,1
1191,0,0,1,0,0,14,0,759,1
1192,1,0,1,1,0,700,2,1793,1
1193,0,0,0,0,0,2,420,75,1
1194,0,0,0,0,0,113,28,813,1
1195,0,0,0,0,0,2,218,20,1
1196,1,1,1,1,0,169,69,2038,1
1197,1,1,1,1,0,147,0,238,1
1198,0,0,0,0,0,5,414,93,1
1199,0,0,1,0,0,18,1,750,1
1200,0,0,1,0,0,90,0,1640,1
1201,0,0,1,1,0,13,0,627,1
1202,0,0,0,0,0,3,28,91,1
1203,1,1,1,0,0,156,0,450,1
1204,0,0,1,0,0,80,96,257,1
1205,0,0,1,1,0,1019,68,553,1
1206,0,0,1,1,0,110,1,1154,1
1207,1,1,1,1,0,56,39,2014,1
1208,0,0,0,0,0,1,235,26,1
1209,1,1,1,0,0,49,12,431,1
1210,1,1,0,1,0,142,0,132,1
1211,1,1,0,0,0,407,118,1789,1
1212,0,0,0,1,0,581,75,1645,1
1213,0,1,1,1,0,22,0,519,1
1214,0,0,1,0,0,4,517,144,1
1215,0,0,0,1,0,4,314,1,1
1216,0,0,0,0,0,293,617,11,1
1217,0,0,0,0,0,0,2,1,1
1218,1,1,1,1,0,260,0,522,1
1219,0,0,1,0,0,338,2,1780,1
1220,0,0,0,0,0,6,312,70,1
1221,0,0,1,0,0,192,1,1114,1
1222,0,0,1,1,0,26,0,538,1
1223,0,1,1,1,0,632,665,598,1
1224,0,0,1,1,0,35,3,1874,1
1225,0,0,0,0,0,21,852,274,1
1226,1,1,1,1,0,85,1,472,1
1227,0,0,1,1,0,883,1,591,1
1228,0,0,1,0,0,912,1057,1877,1
1229,1,1,0,1,0,705,2,1979,1
1230,0,0,0,1,0,498,215,780,1
1231,1,1,1,1,0,583,861,107,1
1232,0,0,0,0,0,284,4,1989,1
1233,1,1,1,1,0,80,0,1819,1
1234,1,1,1,0,0,179,0,841,1
1235,0,0,0,0,0,1,288,27,1
1236,1,1,1,1,0,273,0,1490,1
1237,1,0,1,1,0,318,0,763,1
1238,0,0,1,0,0,80,0,1011,1
1239,0,0,0,0,0,3,287,54,1
1240,0,0,0,0,0,2,257,23,1
1241,0,1,0,1,0,541,737,1355,1
1242,1,1,1,1,0,31,1,1017,1
1243,1,1,1,0,0,620,4,1042,1
1244,1,0,1,1,0,604,867,2008,1
1245,0,0,1,0,0,1122,1113,300,1
1246,0,0,1,0,0,193,0,165,1
1247,0,0,0,0,0,820,1022,1594,1
1248,0,0,0,0,0,3,111,1,1
1249,0,0,1,0,0,88,29,150,1
1250,0,0,0,0,0,32,1,704,1
1251,1,0,1,0,0,130,0,827,1
1252,0,0,0,1,0,2,306,27,1
1253,0,0,1,1,0,6,3,198,1
1254,0,0,0,0,0,256,449,815,1
1255,1,1,0,0,0,500,0,1844,1
1256,1,1,1,0,0,47,45,621,1
1257,0,0,0,0,0,1,42,0,1
1258,1,0,0,1,0,599,186,1681,1
1259,1,1,0,1,0,128,0,130,1
1260,0,0,0,0,0,482,1001,19,1
1261,0,0,0,0,0,0,14,0,1
1262,1,1,1,1,0,41,0,225,1
1263,0,1,1,0,0,791,974,1851,1
1264,0,0,0,0,0,1108,1118,438,1
1265,1,0,0,0,0,0,222,13,1
1266,0,0,0,0,0,3,149,2,1
1267,0,0,1,0,0,502,0,500,1
1268,1,1,1,1,0,35,54,107,1
1269,0,0,0,0,0,261,875,3,1
1270,1,0,1,1,0,725,0,1590,1
1271,1,1,0,1,0,132,46,1215,1
1272,0,0,0,1,0,734,978,2019,1
1273,1,1,0,1,0,67,0,97,1
1274,0,1,1,1,0,499,1,746,1
1275,1,1,1,1,0,736,1,560,1
1276,1,1,1,1,0,339,0,1233,1
1277,0,0,0,0,0,78,41,944,1
1278,0,0,0,1,0,222,183,1239,1
1279,0,0,0,1,0,390,2,224,1
1280,0,0,0,0,0,0,30,0,1
1281,0,0,1,0,0,704,4,1537,1
1282,0,0,1,0,0,52,1,76,1
1283,1,1,0,1,0,443,0,346,1
1284,0,0,0,0,0,170,0,1187,1
1285,0,0,0,0,0,1093,12,666,1
1286,0,0,0,0,0,6,17,1,1
1287,1,1,1,1,0,10,2,1102,1
1288,0,0,0,0,0,2,231,26,1
1289,0,1,0,0,0,78,0,1353,1
1290,0,0,0,0,0,82,0,982,1
1291,1,1,1,0,0,87,0,789,1
1292,0,0,0,0,0,3,21,0,1
1293,1,1,1,0,0,11,0,51,1
1294,1,1,1,1,0,244,0,1702,1
1295,0,0,1,0,0,269,1,831,1
1296,1,1,1,1,0,156,6,1022,1
1297,0,0,0,0,0,40,0,916,1
1298,0,1,1,1,0,643,0,1891,1
1299,0,0,1,0,0,0,260,31,1
1300,0,0,0,0,0,0,9,0,1
1301,0,0,0,0,0,482,83,572,1
1302,0,1,1,1,0,25,442,1,1
1303,0,0,0,0,0,77,1,1029,1
1304,0,0,1,0,0,140,0,1533,1
1305,0,0,1,0,0,41,0,723,1
1306,1,1,1,1,0,565,7,1407,1
1307,0,0,0,0,0,438,3,1748,1
1308,0,0,0,0,0,49,1,1333,1
1309,0,0,0,1,0,0,35,79,1
1310,0,0,0,0,0,550,7,1692,1
1311,0,0,0,0,0,2,83,11,1
1312,1,1,1,1,0,19,23,772,1
1313,0,0,0,0,0,879,1038,565,1
1314,0,0,0,1,0,600,40,1997,1
1315,0,0,1,1,0,366,1,457,1
1316,1,1,1,1,0,93,0,1041,1
1317,0,0,1,1,0,36,1,424,1
1318,0,0,0,0,0,60,32,958,1
1319,1,0,1,0,0,207,0,1326,1
1320,0,1,1,0,0,34,578,2,1
1321,0,0,0,0,1,1280,1111,1888,1
1322,0,0,0,0,1,1207,641,1548,1
1323,0,0,0,0,0,1,7,3,1
1324,0,0,0,0,1,1183,321,1385,1
1325,0,0,0,0,0,430,387,1705,1
1326,0,0,0,0,0,2,5,2,1
1327,0,0,0,1,0,27,25,49,1
1328,0,0,0,0,0,283,183,1213,1
1329,0,0,0,1,1,1179,1044,661,1
1330,0,0,1,0,1,1252,483,315,1
1331,0,0,0,0,0,106,146,557,1
1332,0,0,0,1,0,944,347,826,1
1333,0,0,0,0,1,1104,43,1,1
1334,0,0,0,0,1,1399,1130,2002,1
1335,0,0,0,0,1,1223,108,234,1
1336,0,0,0,0,0,552,899,1001,1
1337,0,0,0,0,0,323,296,266,1
1338,0,0,0,0,1,1140,599,1020,1
1339,0,0,0,0,1,1547,16,1452,0
1340,0,0,1,0,1,1088,311,1242,1
1341,0,0,0,0,1,1583,245,1855,0
1342,0,0,0,0,0,1314,56,1532,1
1343,0,0,1,0,0,56,537,90,1
1344,0,0,1,0,0,548,8,380,1
1345,0,0,0,0,0,40,51,453,1
1346,0,0,0,0,0,106,291,293,1
1347,0,0,0,0,1,1292,335,1455,1
1348,0,0,0,0,1,1455,794,1812,0
1349,0,0,0,0,0,463,502,915,1
1350,0,0,0,1,1,1603,258,1413,0
1351,0,0,0,0,1,1513,45,575,1
1352,0,0,0,0,1,1521,612,1073,1
1353,0,0,0,0,1,1417,53,311,1
1354,0,0,0,0,0,486,494,1308,1
1355,0,0,0,0,0,816,955,1857,1
1356,0,0,0,0,1,1191,417,1561,1
1357,0,0,0,1,1,1328,949,1846,1
1358,0,0,0,0,0,75,375,209,1
1359,0,0,0,0,0,957,6,199,1
1360,0,0,0,0,0,22,93,51,1
1361,0,0,0,1,0,113,260,976,1
1362,0,0,0,0,0,4,79,3,1
1363,0,0,0,0,1,1441,278,1314,1
1364,0,0,1,0,0,916,687,875,1
1365,0,0,0,0,0,4,27,18,1
1366,0,0,0,1,1,1204,669,1612,1
1367,0,0,0,0,0,493,762,487,1
1368,0,0,0,0,0,45,144,102,1
1369,0,0,0,0,1,717,392,545,1
1370,0,0,0,0,0,97,103,562,1
1371,0,0,0,0,0,984,456,1203,1
1372,0,0,1,0,1,1247,1079,1816,1
1373,0,0,0,0,0,21,48,185,1
1374,0,0,0,0,0,148,808,354,1
1375,0,0,0,0,1,1540,191,1182,0
1376,0,0,0,1,1,1414,840,1787,1
1377,0,0,0,0,0,154,261,964,1
1378,0,0,1,0,0,675,971,315,1
1379,0,0,0,0,0,267,196,527,1
1380,0,0,0,1,1,1075,998,1188,1
1381,0,0,0,0,0,582,939,270,1
1382,0,0,0,0,0,252,822,17,1
1383,0,0,0,0,0,24,65,80,1
1384,0,0,0,0,1,1398,356,909,1
1385,0,0,0,0,1,432,30,176,1
1386,0,0,0,0,0,10,75,19,1
1387,1,1,1,1,0,1151,440,1349,1
1388,0,0,0,0,0,174,116,1639,1
1389,0,0,0,0,1,994,0,291,1
1390,0,0,1,0,1,1379,68,1487,1
1391,0,0,0,0,1,1073,258,1411,1
1392,0,0,0,0,0,46,94,13,1
1393,0,0,0,1,1,1359,1087,1267,1
1394,0,0,0,1,1,1370,40,1268,1
1395,0,0,0,0,0,282,591,488,1
1396,0,0,1,0,1,1181,67,639,1
1397,1,1,0,1,0,788,80,1207,1
1398,0,0,0,0,1,703,121,205,1
1399,0,0,0,0,0,77,442,39,1
1400,0,0,0,0,1,1477,1046,1903,0
1401,0,0,0,1,1,1180,197,814,1
1402,0,0,0,0,0,4,67,18,1
1403,0,0,1,1,0,471,643,698,1
1404,0,0,0,1,0,780,712,1762,1
1405,0,0,0,0,0,574,931,800,1
1406,0,0,0,0,0,33,98,7,1
1407,0,0,1,0,0,936,613,1647,1
1408,0,0,0,0,0,64,96,481,1
1409,0,0,0,1,1,1597,584,1842,0
1410,0,0,0,0,1,1131,1019,1696,1
1411,0,0,0,0,0,27,115,29,1
1412,0,0,0,1,0,22,99,9,1
1413,0,0,0,0,0,246,550,186,1
1414,0,0,0,0,1,1580,566,1307,0
1415,0,0,0,0,0,118,313,45,1
1416,0,0,0,0,0,861,370,1342,1
1417,0,0,0,0,0,77,65,17,1
1418,0,0,0,1,0,45,74,97,1
1419,0,0,1,0,1,1326,606,1949,1
1420,0,0,0,0,1,1402,368,1305,1
1421,0,0,0,0,0,71,245,48,1
1422,0,0,0,1,1,857,208,1648,1
1423,0,0,0,1,0,64,259,79,1
1424,0,0,1,0,1,1601,454,1776,0
1425,0,0,0,0,0,59,67,473,1
1426,0,0,0,0,0,54,87,511,1
1427,0,0,0,0,0,52,309,193,1
1428,0,0,1,0,1,865,811,1150,1
1429,0,0,0,1,1,1552,728,1113,1
1430,0,0,0,0,1,1200,159,1214,1
1431,0,0,0,0,1,1462,1127,676,1
1432,0,0,0,0,1,1595,150,217,0
1433,0,0,0,1,0,796,615,447,1
1434,0,0,0,0,0,35,50,106,1
1435,0,0,0,0,1,1451,282,823,1
1436,0,0,0,0,0,37,394,352,1
1437,0,0,0,0,1,1211,764,1453,1
1438,0,0,0,0,0,553,128,386,1
1439,0,0,0,0,0,28,624,8,1
1440,0,0,0,0,0,22,95,81,1
1441,0,0,0,0,1,995,1086,726,1
1442,0,0,0,0,1,940,1070,1430,1
1443,0,0,0,0,1,1446,600,1503,0
1444,0,0,0,0,1,1279,507,1140,1
1445,0,0,0,0,0,732,1,1242,1
1446,0,0,0,1,0,1015,103,463,1
1447,0,0,0,0,1,1396,236,304,0
1448,0,0,1,0,1,1145,202,469,1
1449,0,0,0,0,1,1490,1017,1849,1
1450,0,0,0,0,0,1016,144,310,1
1451,0,0,0,0,1,1428,1102,1552,1
1452,0,0,0,0,1,810,671,1302,1
1453,0,0,0,0,0,465,909,1504,1
1454,0,0,0,0,0,34,192,0,1
1455,0,0,0,0,1,1530,1071,1191,0
1456,0,0,0,1,1,909,913,591,1
1457,0,0,0,0,1,1188,287,693,1
1458,0,0,0,0,0,163,273,204,1
1459,0,0,0,0,0,31,58,11,1
1460,0,0,0,1,1,1594,41,1796,0
1461,0,0,0,0,1,1043,33,0,1
1462,0,0,0,1,1,1105,450,877,1
1463,0,0,0,0,0,45,138,152,1
1464,0,0,1,0,1,1346,367,1695,1
1465,0,0,0,0,1,1236,254,1408,1
1466,0,0,0,0,0,837,578,1528,1
1467,0,0,0,0,1,1318,1009,1941,1
1468,0,0,0,0,0,15,81,1,1
1469,0,0,0,0,1,959,1081,1190,1
1470,0,0,0,0,1,1504,556,1804,1
1471,0,0,0,0,0,860,925,81,1
1472,0,0,0,0,0,759,371,1397,1
1473,0,0,0,1,0,2,77,2,1
1474,0,0,0,1,0,4,35,4,1
1475,0,0,0,0,0,72,94,160,1
1476,0,0,0,0,1,1433,790,1439,1
1477,0,0,0,0,1,1465,339,1284,1
1478,0,0,0,0,1,1196,28,1309,1
1479,0,0,0,0,0,289,102,130,1
1480,0,0,0,0,1,1568,521,1271,0
1481,0,0,0,0,1,1275,650,1287,1
1482,0,0,0,0,0,568,129,1198,1
1483,0,0,0,0,1,1311,139,1256,1
1484,0,0,0,1,0,36,438,121,1
1485,0,0,0,0,1,1424,956,1728,1
1486,0,0,0,0,0,228,352,667,1
1487,0,0,0,0,0,989,1090,87,1
1488,1,0,0,0,0,694,420,194,1
1489,0,0,0,0,1,1334,1123,1609,1
1490,0,0,0,1,0,39,252,230,1
1491,0,0,0,0,1,1473,730,860,1
1492,0,0,0,1,1,1158,1031,1109,1
1493,0,0,0,0,0,14,18,41,1
1494,0,0,0,0,0,484,454,652,1
1495,0,0,0,1,0,198,251,760,1
1496,0,0,0,1,0,76,730,38,1
1497,0,0,0,0,1,1471,604,1684,0
1498,0,0,0,0,0,115,91,114,1
1499,0,0,0,0,1,1537,51,1329,1
1500,0,0,0,1,1,1493,57,244,1
1501,0,0,0,0,0,536,186,1261,1
1502,0,0,1,0,1,1556,707,1994,1
1503,0,0,0,1,0,727,458,373,1
1504,0,0,0,0,0,1,4,0,1
1505,0,0,1,0,0,228,439,163,1
1506,0,0,0,1,1,1376,1124,1285,1
1507,0,0,0,1,1,889,21,36,1
1508,0,0,0,0,0,291,818,843,1
1509,0,0,1,0,1,1506,357,1571,1
1510,0,0,0,1,0,614,172,277,1
1511,0,0,0,0,1,1312,169,721,1
1512,0,0,0,0,1,1589,519,1193,0
1513,0,0,0,0,1,1049,743,1224,1
1514,0,0,0,0,0,494,516,362,1
1515,0,0,0,0,1,1291,460,1525,1
1516,0,0,1,0,1,1034,151,1392,1
1517,0,0,0,0,1,1489,1067,1764,1
1518,0,0,1,0,1,1408,872,1300,1
1519,0,0,1,0,1,1602,622,2017,0
1520,0,0,0,0,1,1548,223,1583,0
1521,0,0,1,0,0,18,40,50,1
1522,0,0,0,0,0,41,269,3,1
1523,0,0,0,0,0,1001,1030,1920,1
1524,1,1,1,0,0,714,901,1344,1
1525,0,0,0,1,0,1162,1084,1087,1
1526,0,0,0,0,0,746,873,711,1
1527,0,0,1,0,0,208,544,72,1
1528,0,0,0,0,1,1436,124,970,1
1529,0,0,0,1,0,797,275,1357,1
1530,0,0,0,0,1,1377,954,1782,1
1531,0,0,1,0,0,330,896,342,1
1532,0,0,0,0,1,1418,305,847,1
1533,0,0,0,0,0,42,192,347,1
1534,0,0,0,0,1,1124,1050,365,1
1535,0,0,0,1,1,1549,432,949,0
1536,0,0,0,0,0,1123,865,1148,1
1537,0,0,0,0,0,693,626,1324,1
1538,0,0,0,0,0,32,318,21,1
1539,0,0,0,0,0,815,47,151,1
1540,0,0,0,0,1,1182,212,575,1
1541,0,0,0,0,1,1268,1073,1925,1
1542,0,0,0,0,0,173,94,1401,1
1543,0,0,0,0,0,22,154,6,1
1544,0,0,0,0,1,901,590,678,1
1545,0,0,0,0,0,770,419,7,1
1546,0,0,0,0,0,9,123,17,1
1547,0,0,0,0,0,22,100,26,1
1548,0,0,0,0,1,1084,319,1860,1
1549,0,0,0,0,1,1520,898,1797,0
1550,0,0,0,0,0,220,348,714,1
1551,0,0,0,0,1,1221,486,1600,1
1552,0,0,0,0,1,1422,929,1930,1
1553,0,0,0,1,0,193,482,616,1
1554,0,0,0,0,1,1119,75,913,1
1555,0,0,0,0,1,1404,500,1847,1
1556,0,0,0,0,1,1323,253,1015,1
1557,0,0,1,0,0,615,603,1081,1
1558,0,0,0,0,1,1177,473,1442,1
1559,0,0,0,0,1,307,21,179,1
1560,0,0,0,0,1,1409,17,1731,1
1561,0,0,0,0,1,1598,376,1133,0
1562,0,0,0,0,1,1522,529,1311,0
1563,0,0,0,0,0,496,389,1328,1
1564,0,0,0,1,1,1574,750,1667,0
1565,0,0,1,0,0,672,188,859,1
1566,0,0,0,0,0,682,685,1208,1
1567,0,0,0,0,0,95,15,695,1
1568,1,1,1,0,0,467,508,1759,1
1569,0,0,0,0,1,1217,175,1369,1
1570,0,0,0,0,1,1063,3,1425,1
1571,0,0,1,0,0,1135,0,1230,1
1572,0,0,0,1,0,107,250,790,1
1573,0,0,0,0,1,1405,9,943,1
1574,0,0,0,0,1,1000,582,995,1
1575,0,0,0,0,1,1286,60,888,1
1576,0,0,0,0,0,819,44,1209,1
1577,0,0,1,0,1,1241,187,1048,1
1578,0,0,0,0,1,1355,726,899,1
1579,0,0,0,0,0,2,54,1,1
1580,0,0,1,0,0,129,220,892,1
1581,0,0,0,0,1,1479,1077,1496,1
1582,1,0,0,0,0,439,489,1484,1
1583,0,0,0,0,1,1243,1085,168,1
1584,0,0,0,1,0,1,22,1,1
1585,0,0,0,0,1,1501,556,1627,1
1586,0,0,1,0,1,1013,443,911,1
1587,0,0,0,0,0,148,723,392,1
1588,0,0,0,0,0,86,927,386,1
1589,0,0,0,0,0,168,251,1248,1
1590,0,0,0,0,1,1541,922,2013,0
1591,0,0,0,0,0,251,334,641,1
1592,0,0,0,0,0,375,195,577,1
1593,0,0,0,0,0,413,286,260,1
1594,0,0,0,0,1,1240,374,1341,1
1595,0,0,0,0,0,69,272,101,1
1596,0,0,0,0,0,2,44,2,1
1597,0,0,0,1,1,1585,1,788,0
1598,0,0,0,1,1,1457,32,664,0
1599,0,1,1,1,0,217,64,475,1
1600,0,0,1,0,0,46,12,1125,1
1601,0,0,0,0,0,318,355,292,1
1602,0,0,0,0,0,36,105,27,1
1603,0,0,0,0,1,1577,916,1814,0
1604,0,0,0,0,0,108,211,583,1
1605,0,0,0,0,0,121,477,494,1
1606,0,0,0,0,1,1502,1133,1362,0
1607,0,0,0,1,0,981,906,1488,1
1608,0,0,0,1,1,1367,134,1003,0
1609,0,0,0,0,0,11,78,1,1
1610,0,0,0,0,1,1308,264,1560,1
1611,0,0,1,0,1,1143,787,1683,1
1612,0,0,0,0,0,728,753,1402,1
1613,0,0,0,0,1,1400,430,1091,1
1614,0,0,0,0,0,21,23,3,1
1615,0,0,0,0,1,1203,603,1947,1
1616,0,0,0,0,0,68,237,6,1
1617,0,0,0,0,1,1175,1052,919,1
1618,0,0,0,0,0,976,2,1898,1
1619,0,0,0,0,0,67,423,3,1
1620,0,0,0,0,0,266,277,793,1
1621,0,0,0,0,0,183,606,230,1
1622,0,0,0,0,0,607,733,1272,1
1623,0,0,0,0,0,833,288,368,1
1624,0,0,0,0,1,1139,142,170,1
1625,0,0,0,0,0,648,924,1156,1
1626,0,0,0,1,1,1336,167,430,1
1627,0,0,0,0,0,40,114,47,1
1628,0,0,0,1,1,650,592,1615,1
1629,0,0,0,0,0,292,281,670,1
1630,0,0,0,0,1,1062,972,1445,1
1631,0,0,0,0,0,585,407,1937,1
1632,0,0,0,0,0,72,534,4,1
1633,0,0,0,0,0,745,93,26,1
1634,0,0,0,0,0,405,342,502,1
1635,0,0,0,0,1,1306,991,1656,1
1636,0,0,0,0,0,3,30,1,1
1637,0,0,0,0,1,1514,490,1367,1
1638,0,0,0,0,1,801,1020,1393,1
1639,0,0,0,0,0,532,278,820,1
1640,0,0,0,1,0,177,324,272,1
1641,0,0,0,0,1,971,1025,1514,1
1642,0,0,0,0,1,1564,1104,1652,0
1643,0,0,0,0,0,326,747,1432,1
1644,0,0,0,1,0,3,8,13,1
1645,0,0,0,0,0,35,129,470,1
1646,0,0,0,0,0,10,25,9,1
1647,0,0,0,0,0,58,0,306,1
1648,0,0,0,1,1,1554,400,1212,0
1649,0,0,0,0,0,13,50,1,1
1650,0,0,0,1,1,1569,565,1334,0
1651,0,0,0,0,0,21,33,394,1
1652,0,0,0,1,0,81,78,833,1
1653,0,0,0,0,0,0,40,55,1
1654,0,0,0,0,0,1157,433,1910,1
1655,0,0,0,0,0,1028,911,1751,1
1656,0,0,0,0,1,1153,1108,1967,1
1657,0,0,0,0,0,2,4,1,1
1658,0,0,0,0,0,12,92,97,1
1659,0,0,0,0,0,114,123,1139,1
1660,0,0,1,0,0,758,887,1096,1
1661,0,0,0,0,1,1305,261,585,1
1662,0,0,0,1,0,127,587,235,1
1663,0,0,0,0,1,973,332,262,1
1664,0,0,0,0,0,36,93,13,1
1665,0,0,1,0,0,987,657,1465,1
1666,0,0,0,0,0,5,219,2,1
1667,0,0,0,0,0,674,256,1005,1
1668,0,0,0,0,0,663,512,1119,1
1669,0,0,0,0,1,1340,780,1724,1
1670,0,0,0,0,0,201,181,77,1
1671,0,0,0,0,0,327,501,974,1
1672,0,0,0,0,1,1176,1059,1249,1
1673,0,0,0,0,0,305,120,349,1
1674,0,0,1,0,0,304,586,829,1
1675,0,0,0,0,0,448,476,1245,1
1676,0,0,0,0,1,1230,134,1758,1
1677,0,0,0,0,1,1129,757,803,1
1678,0,0,0,0,0,36,6,10,1
1679,0,0,0,0,0,416,316,444,1
1680,0,0,0,0,0,98,516,360,1
1681,0,0,0,0,0,2,10,2,1
1682,0,0,0,0,0,1,19,1,1
1683,0,0,1,0,0,309,1007,524,1
1684,0,0,1,0,0,424,804,804,1
1685,0,0,0,0,1,1582,9,302,0
1686,0,0,0,0,1,1609,93,779,0
1687,0,0,0,0,1,1102,2,53,1
1688,0,0,0,0,1,1411,782,1830,0
1689,0,0,0,0,1,1194,509,766,1
1690,0,0,0,1,1,1447,218,116,1
1691,0,0,0,0,0,99,206,59,1
1692,0,0,0,0,0,5,84,131,1
1693,0,0,0,0,0,470,382,381,1
1694,0,0,0,0,0,104,233,162,1
1695,0,0,0,0,0,829,1010,771,1
1696,0,0,1,0,1,1383,815,1806,1
1697,0,0,0,0,0,646,844,330,1
1698,0,0,0,1,0,692,842,1304,1
1699,0,0,0,1,1,1587,79,1889,0
1700,0,0,0,0,1,686,551,1038,1
1701,0,0,0,0,1,1483,621,1545,1
1702,0,0,0,0,0,421,162,68,1
1703,0,0,0,0,1,787,127,703,1
1704,0,0,0,0,1,1146,663,1383,1
1705,0,0,0,0,1,1113,561,894,1
1706,0,0,0,0,1,579,448,202,1
1707,0,0,1,1,0,36,386,37,1
1708,0,0,1,0,1,892,779,1052,1
1709,0,0,0,0,0,557,880,804,1
1710,0,0,0,0,1,1351,100,744,1
1711,0,0,1,0,1,1397,727,1721,1
1712,0,0,0,0,0,267,119,773,1
1713,0,0,0,0,0,115,147,934,1
1714,0,0,1,0,1,1116,1034,1470,1
1715,0,0,0,0,1,1281,781,1879,1
1716,0,0,0,0,0,16,19,37,1
1717,0,0,0,0,1,931,419,1059,1
1718,0,0,0,0,0,120,165,1500,1
1719,0,0,0,0,0,942,10,296,1
1720,0,0,0,0,1,1128,377,1057,1
1721,0,0,0,1,1,1538,309,1469,0
1722,0,0,0,0,1,1533,408,891,1
1723,0,0,0,1,0,644,953,467,1
1724,0,0,0,1,0,24,212,13,1
1725,0,0,0,0,1,1442,1114,1895,1
1726,0,0,0,0,0,1208,559,1356,1
1727,0,0,0,0,0,119,158,108,1
1728,0,0,0,0,0,951,721,388,1
1729,0,0,0,0,0,122,590,16,1
1730,0,0,0,0,0,214,668,852,1
1731,0,0,0,0,0,91,78,1459,1
1732,0,0,0,0,0,523,226,1476,1
1733,0,0,0,0,1,1516,662,1972,1
1734,0,0,0,0,1,1592,88,758,0
1735,0,0,0,0,0,6,9,9,1
1736,0,0,0,0,1,895,714,1105,1
1737,0,0,0,0,0,658,67,24,1
1738,0,0,0,0,0,978,1088,582,1
1739,0,0,1,0,1,1166,773,1436,1
1740,0,0,0,0,1,1460,1054,1381,1
1741,0,0,0,0,1,1219,564,1670,1
1742,0,0,0,0,0,15,146,29,1
1743,0,0,0,0,1,1567,190,1234,0
1744,0,0,0,0,0,144,609,223,1
1745,0,0,0,0,0,49,688,7,1
1746,0,0,0,0,1,1254,1128,1610,1
1747,0,0,0,0,0,938,821,1071,1
1748,0,0,0,0,0,143,628,9,1
1749,0,0,0,0,0,14,28,51,1
1750,0,0,0,0,1,737,706,1766,1
1751,0,0,0,1,1,1576,8,232,1
1752,0,0,0,0,0,31,86,154,1
1753,0,0,0,0,0,170,307,191,1
1754,0,0,0,0,0,309,168,834,1
1755,0,0,0,1,1,1482,359,1861,1
1756,0,0,0,0,0,31,39,635,1
1757,0,0,0,0,1,1079,499,654,1
1758,0,0,0,0,1,1156,263,549,1
1759,0,0,0,0,0,4,29,103,1
1760,0,0,0,0,0,174,488,160,1
1761,0,0,0,0,0,679,741,1265,1
1762,0,0,1,0,0,743,962,825,1
1763,1,0,0,1,0,441,36,1200,1
1764,0,0,0,0,0,926,451,1196,1
1765,0,0,0,0,0,591,858,1769,1
1766,0,0,1,0,1,1470,90,1715,1
1767,0,0,1,0,0,442,839,1280,1
1768,0,0,0,0,0,738,710,1058,1
1769,0,0,0,0,1,1290,1092,1316,1
1770,0,0,0,0,1,1494,891,1110,0
1771,0,0,0,0,0,654,120,142,1
1772,0,0,0,0,0,86,213,15,1
1773,0,0,0,1,1,1301,968,1592,1
1774,0,0,0,1,1,1008,125,659,1
1775,0,0,1,1,0,48,13,10,1
1776,0,0,1,0,1,1036,265,1597,1
1777,0,0,0,1,0,96,223,325,1
1778,0,0,0,0,0,13,86,10,1
1779,0,0,0,0,1,660,633,837,1
1780,0,0,0,0,1,1330,330,1917,1
1781,0,0,1,0,0,739,343,955,1
1782,0,0,0,0,1,1173,632,1178,1
1783,0,0,0,0,1,1366,884,1673,1
1784,0,0,0,0,1,1335,967,1588,1
1785,0,0,0,0,0,36,116,72,1
1786,0,0,0,0,1,899,718,1829,1
1787,0,0,0,0,0,40,96,18,1
1788,0,0,0,0,0,149,223,1332,1
1789,0,0,0,0,0,121,237,79,1
1790,0,0,0,0,0,16,79,1,1
1791,0,0,0,0,0,190,250,1000,1
1792,0,0,0,0,0,9,38,12,1
1793,1,1,1,0,1,1319,314,1873,1
1794,0,0,0,0,1,1558,427,337,0
1795,0,0,0,0,0,199,415,607,1
1796,0,0,0,0,1,623,48,62,1
1797,0,0,0,0,1,1487,531,1074,1
1798,0,0,0,0,0,350,569,188,1
1799,0,0,0,0,0,1054,1051,1742,1
1800,0,0,0,0,0,286,372,278,1
1801,0,0,1,0,1,1101,1040,1885,1
1802,0,0,0,0,1,1127,654,1691,1
1803,1,1,1,1,1,1150,1,259,1
1804,0,0,0,0,0,15,53,213,1
1805,0,0,0,0,1,1423,110,699,1
1806,0,0,0,0,1,1002,160,468,1
1807,0,0,0,0,1,1353,488,1977,1
1808,0,0,1,0,0,507,691,1674,1
1809,0,0,0,0,0,1273,3,423,1
1810,0,0,0,0,0,20,121,82,1
1811,0,0,0,1,0,873,15,55,1
1812,0,0,0,0,1,1525,217,393,1
1813,0,0,1,1,0,809,650,1957,1
1814,0,0,0,0,1,1055,380,903,1
1815,0,0,0,0,1,1171,0,91,1
1816,0,0,0,0,1,969,211,968,1
1817,0,0,0,0,1,1579,138,433,0
1818,0,0,0,0,1,1429,169,660,0
1819,0,0,0,0,1,1529,13,419,1
1820,0,0,0,0,1,1535,180,1169,1
1821,0,0,1,0,1,1006,702,1382,1
1822,0,0,0,0,1,1249,554,999,1
1823,0,0,0,0,1,894,389,336,1
1824,0,0,1,0,1,1599,3,1768,0
1825,0,0,0,0,0,1005,0,206,1
1826,0,0,0,0,0,220,220,1788,1
1827,0,0,0,0,0,330,523,1089,1
1828,0,0,1,1,0,73,113,218,1
1829,0,0,0,0,1,1531,62,985,1
1830,0,0,0,0,1,851,928,555,1
1831,0,0,0,0,0,1265,555,1570,1
1832,0,0,0,0,1,1345,1029,1486,1
1833,0,0,0,0,0,771,814,875,1
1834,0,0,0,0,0,634,589,630,1
1835,0,0,0,0,1,1003,645,809,1
1836,0,0,0,0,0,171,318,329,1
1837,0,0,0,0,0,63,101,77,1
1838,1,1,1,1,0,319,3,1149,1
1839,0,0,0,0,1,1369,393,1507,1
1840,0,0,0,0,0,65,230,100,1
1841,0,0,0,0,1,1245,465,978,1
1842,0,0,0,0,0,5,11,0,1
1843,0,0,0,0,1,1213,46,149,1
1844,0,0,0,0,0,491,557,496,1
1845,0,0,0,0,0,67,208,99,1
1846,0,0,0,0,1,1259,1013,1991,1
1847,0,0,0,0,1,1384,298,1574,1
1848,0,0,0,0,1,1448,243,1518,1
1849,0,0,0,0,0,11,84,12,1
1850,0,0,0,1,1,1390,320,548,1
1851,0,0,0,0,1,1512,71,767,1
1852,0,0,0,0,0,713,996,1707,1
1853,0,0,0,0,0,282,254,967,1
1854,0,0,0,1,1,804,305,248,1
1855,0,0,0,0,0,13,47,2,1
1856,0,0,0,0,0,136,279,620,1
1857,0,0,0,0,1,1453,457,1755,0
1858,0,0,0,1,1,1197,144,745,1
1859,0,0,0,1,0,275,265,850,1
1860,0,0,1,0,0,85,236,286,1
1861,0,0,0,0,1,1226,886,1536,1
1862,0,0,0,0,0,8,163,14,1
1863,0,0,1,0,0,364,512,411,1
1864,0,0,1,1,1,1242,683,1817,1
1865,1,0,0,0,0,715,607,1572,1
1866,0,0,0,0,0,162,652,119,1
1867,0,0,0,0,0,288,311,210,1
1868,0,0,0,0,1,1421,499,1916,1
1869,0,0,0,0,0,377,239,1792,1
1870,0,0,0,0,1,1443,210,947,1
1871,0,0,0,0,0,526,982,1183,1
1872,1,1,0,0,1,1284,383,893,1
1873,1,1,0,0,0,32,77,313,1
1874,0,0,0,0,0,378,778,813,1
1875,0,0,0,0,0,315,575,440,1
1876,0,0,0,1,1,1266,433,1512,1
1877,0,0,0,0,0,1037,1,18,1
1878,0,0,0,0,0,997,1091,2033,1
1879,0,0,0,0,0,243,650,0,1
1880,0,0,0,0,0,516,770,1686,1
1881,1,1,1,0,1,992,643,1330,1
1882,0,0,1,0,0,385,404,716,1
1883,0,0,0,0,0,91,76,406,1
1884,0,0,0,0,0,968,512,936,1
1885,0,0,0,0,0,287,647,975,1
1886,0,0,0,0,0,24,179,124,1
1887,0,0,1,1,0,891,212,425,1
1888,0,0,1,0,0,73,247,188,1
1889,0,0,0,0,0,45,121,81,1
1890,1,1,1,1,0,227,2,883,1
1891,0,0,0,0,1,1615,226,935,0
1892,0,0,1,0,0,32,771,2,1
1893,0,0,0,0,0,871,989,646,1
1894,0,0,0,0,1,847,6,394,1
1895,0,0,0,0,0,39,166,33,1
1896,0,0,0,0,0,549,659,1184,1
1897,0,0,0,1,0,238,161,1440,1
1898,0,0,0,0,1,1205,99,268,1
1899,0,0,0,1,1,917,653,1153,1
1900,0,0,0,0,1,1310,176,1661,1
1901,0,0,0,1,1,1329,734,1770,1
1902,0,0,1,0,0,322,186,817,1
1903,0,0,0,0,0,139,556,239,1
1904,0,0,0,0,0,320,195,297,1
1905,0,0,1,0,1,1432,76,1481,1
1906,0,0,0,0,1,1302,266,446,1
1907,0,0,0,0,1,1138,344,862,1
1908,0,0,0,0,1,1596,783,1491,0
1909,0,0,0,1,0,667,512,1450,1
1910,0,0,0,1,0,12,108,10,1
1911,0,0,0,0,1,1517,747,1711,0
1912,0,0,0,1,1,1111,639,857,1
1913,0,0,0,0,1,655,832,1301,1
1914,0,0,0,1,1,1368,306,1168,1
1915,0,0,1,0,0,555,839,372,1
1916,0,0,0,0,1,1324,78,243,1
1917,0,0,0,0,0,57,190,30,1
1918,0,0,0,0,0,64,88,180,1
1919,0,0,0,0,0,289,413,248,1
1920,0,0,0,1,1,1214,44,222,1
1921,0,0,0,0,0,250,528,1194,1
1922,0,0,0,0,1,1295,268,1546,1
1923,0,0,0,0,1,1572,76,547,0
1924,0,0,0,0,1,1575,453,1429,0
1925,0,0,0,1,0,592,976,1907,1
1926,0,0,0,0,0,808,1018,261,1
1927,0,0,0,0,1,1229,601,1631,1
1928,0,0,0,0,0,216,340,172,1
1929,0,0,0,1,1,1092,334,1232,1
1930,0,0,0,0,0,13,25,0,1
1931,0,0,1,1,0,235,365,432,1
1932,0,0,0,0,1,1270,225,610,1
1933,0,0,0,0,0,91,152,76,1
1934,0,0,0,0,1,1147,116,1019,1
1935,0,0,0,0,0,792,977,1180,1
1936,0,0,0,0,0,41,173,63,1
1937,0,0,1,1,0,79,226,923,1
1938,0,0,0,0,0,748,965,1956,1
1939,0,0,0,0,0,9,30,6,1
1940,0,0,0,0,1,1007,709,1264,1
1941,0,0,0,0,1,1313,431,640,1
1942,0,0,0,1,0,323,444,1251,1
1943,0,0,0,0,0,918,32,537,1
1944,0,0,0,0,0,265,480,1104,1
1945,0,0,0,0,0,611,552,1443,1
1946,0,0,0,0,1,1342,561,1808,1
1947,0,0,0,1,0,49,406,8,1
1948,0,0,0,0,1,1155,716,1875,1
1949,0,0,0,0,0,138,408,201,1
1950,0,0,0,0,0,506,660,729,1
1951,0,0,0,0,1,1161,87,338,1
1952,0,0,0,0,1,979,981,1409,1
1953,0,0,0,0,1,1403,7,898,1
1954,0,0,1,0,1,1444,279,1494,1
1955,0,0,0,0,1,761,602,811,1
1956,0,0,0,0,0,472,635,285,1
1957,0,0,0,0,0,302,260,1120,1
1958,0,0,1,0,1,1125,720,1786,1
1959,0,0,0,0,1,1544,843,1331,1
1960,0,0,0,0,1,1393,515,1390,0
1961,0,0,0,0,0,284,180,1066,1
1962,0,0,0,0,1,766,374,692,1
1963,1,1,0,1,1,756,249,346,1
1964,0,0,0,0,1,1272,392,1321,1
1965,0,0,0,0,0,885,89,1441,1
1966,0,0,0,0,0,29,195,7,1
1967,0,0,0,0,1,1388,228,1524,1
1968,0,0,0,0,1,1481,506,1625,1
1969,0,0,0,0,0,344,485,1173,1
1970,0,0,1,0,0,784,272,1167,1
1971,0,0,0,1,1,1466,583,1064,1
1972,0,0,0,0,0,2,30,2,1
1973,0,0,0,1,1,1555,400,1212,1
1974,0,0,0,1,0,841,7,1398,1
1975,0,0,0,0,0,35,103,17,1
1976,0,0,1,0,0,426,269,1774,1
1977,0,0,0,0,0,78,41,944,1
1978,0,0,0,0,1,1078,871,1848,1
1979,0,0,0,0,1,1178,487,1712,1
1980,0,0,0,0,1,1132,799,1054,1
1981,0,0,0,0,0,505,666,598,1
1982,0,0,0,0,0,248,220,329,1
1983,0,0,0,0,0,190,196,926,1
1984,0,0,0,0,1,1009,37,417,1
1985,0,0,0,0,1,1410,372,552,1
1986,0,0,1,0,0,69,473,1306,1
1987,0,0,0,0,1,870,662,1399,1
1988,0,0,0,0,1,945,122,1060,1
1989,0,0,0,0,0,337,296,1750,1
1990,0,0,0,0,1,1362,847,1414,1
1991,0,0,0,0,0,258,943,47,1
1992,0,0,0,0,1,854,2,328,1
1993,0,0,0,0,1,1546,574,1372,0
1994,0,0,0,0,1,1610,1129,1037,0
1995,0,0,0,0,0,46,54,161,1
1996,0,0,0,1,0,45,141,36,1
1997,0,0,0,0,1,1360,435,1559,0
1998,0,0,0,0,1,980,145,1801,1
1999,0,0,0,0,0,92,95,561,1
2000,0,0,0,0,0,57,144,409,1
2001,0,0,0,0,0,159,282,290,1
2002,0,0,0,0,0,624,36,101,1
2003,0,0,0,0,1,786,175,754,1
2004,0,0,0,0,1,1498,713,1395,1
2005,0,0,0,0,0,364,649,275,1
2006,0,0,0,1,0,18,317,103,1
2007,0,0,0,0,0,659,527,1050,1
2008,0,0,0,1,1,1503,1100,1892,1
2009,0,0,0,0,1,1507,55,1982,0
2010,0,0,0,0,0,2,5,6,1
2011,0,0,0,1,1,1341,872,1613,1
2012,0,0,0,0,1,1174,461,1195,1
2013,0,0,0,0,0,197,95,343,1
2014,0,0,0,0,1,821,488,519,1
2015,0,0,0,0,1,1080,897,1699,1
2016,0,0,0,0,0,7,19,13,1
2017,0,0,1,0,0,455,83,474,1
2018,0,0,0,0,0,235,441,357,1
2019,0,0,0,0,1,1584,52,1886,0
2020,0,0,0,1,1,1389,563,1784,1
2021,0,0,0,0,1,1461,363,1097,1
2022,0,0,0,1,1,1454,637,1467,1
2023,0,0,0,0,1,1106,468,851,1
2024,0,0,0,0,1,1014,541,897,1
2025,0,0,0,1,1,1616,1132,1517,0
2026,0,0,0,0,0,124,153,333,1
2027,0,0,1,0,1,1474,259,1216,1
2028,0,0,0,0,1,1565,24,414,0
2029,0,0,0,1,0,12,154,209,1
2030,0,0,0,0,0,7,55,19,1
2031,0,0,0,0,0,429,506,249,1
2032,0,0,0,0,0,923,700,499,1
2033,0,0,1,1,0,1160,1106,1905,1
2034,0,0,0,1,0,1186,326,1009,1
2035,0,0,0,0,0,324,448,994,1
2036,0,0,0,0,1,1309,1048,1790,1
2037,0,1,1,1,0,701,6,1412,1
2038,0,0,0,0,1,1438,164,901,1
2039,0,0,0,0,0,394,351,933,1
2040,0,0,0,0,0,306,212,1247,1
2041,0,0,0,0,0,176,523,559,1
2042,0,0,1,0,1,1588,322,581,0
2043,0,0,0,0,0,13,125,8,1
2044,0,0,1,1,0,929,930,2023,1
2045,0,0,0,0,1,1380,594,806,1
2046,0,0,0,0,1,1050,474,290,1
2047,0,0,1,1,1,955,33,589,1
2048,0,0,0,0,0,16,132,3,1
2049,0,0,0,1,0,718,941,848,1
2050,0,0,0,0,1,1495,855,1300,1
2051,0,0,0,0,1,1035,133,741,1
2052,0,0,0,0,0,210,699,454,1
2053,0,0,0,0,0,517,362,708,1
2054,0,0,0,0,1,1618,191,1236,0
2055,0,0,1,0,0,88,241,12,1
2056,0,0,0,1,0,312,795,1463,1
2057,0,0,0,0,0,1322,8,1634,1
2058,0,0,0,1,1,1382,79,507,1
2059,0,0,0,0,0,128,128,653,1
2060,0,0,0,0,0,535,948,1576,1
2061,0,0,1,0,0,639,686,752,1
2062,0,0,0,0,1,832,294,1033,1
2063,0,0,0,0,1,1258,338,1016,1
2064,0,0,0,0,0,199,274,1462,1
2065,0,0,0,0,1,1228,645,1781,1
2066,0,0,0,0,1,1450,383,1365,1
2067,0,0,0,1,1,1570,44,492,1
2068,0,0,1,0,0,660,491,459,1
2069,0,0,0,0,0,10,104,10,1
2070,1,1,1,1,1,1170,993,1763,1
2071,0,0,0,1,0,137,600,847,1
2072,0,0,0,0,0,43,8,274,1
2073,1,0,0,0,1,1524,546,712,1
2074,0,0,0,0,0,44,67,460,1
2075,0,0,0,1,0,132,447,25,1
2076,0,0,0,0,1,790,58,691,1
2077,0,0,0,0,1,946,257,1122,1
2078,0,0,1,1,1,1163,580,1581,1
2079,0,0,0,0,0,824,1014,1095,1
2080,0,0,0,0,0,90,62,1065,1
2081,0,0,0,0,1,1545,9,1802,1
2082,0,0,0,0,0,28,78,179,1
2083,0,0,0,1,0,38,378,16,1
2084,0,0,0,0,1,1040,329,1447,1
2085,0,0,0,0,0,10,69,491,1
2086,0,0,0,0,1,1262,609,1587,1
2087,0,0,0,0,0,32,30,12,1
2088,0,0,1,0,0,275,577,628,1
2089,0,0,0,0,0,24,83,7,1
2090,0,0,0,0,1,1532,40,762,0
2091,0,0,0,0,0,858,50,246,1
2092,0,0,0,0,1,1237,673,1662,1
2093,0,0,0,0,0,462,763,725,1
2094,0,0,0,0,1,1164,12,25,1
2095,0,0,0,0,1,1581,754,1147,0
2096,0,0,1,1,1,1500,638,1918,1
2097,0,0,0,0,1,1557,169,1616,1
2098,0,0,1,0,1,886,919,1128,1
2099,0,0,0,0,1,1604,792,1364,0
2100,0,0,0,0,1,1082,874,1004,1
2101,0,0,0,1,1,1297,1089,1166,1
2102,0,0,0,0,0,217,307,393,1
2103,0,0,1,0,1,1257,538,1223,1
2104,0,0,0,0,0,148,382,428,1
2105,0,0,0,0,1,1089,186,618,1
2106,0,0,0,1,1,977,536,1335,1
2107,0,0,0,0,1,1372,890,1557,1
2108,0,0,0,0,0,880,31,673,1
2109,0,0,0,0,0,89,64,195,1
2110,0,0,0,0,0,61,66,200,1
2111,1,1,0,0,1,1107,286,1698,1
2112,0,0,0,1,0,749,984,1257,1
2113,0,0,0,0,1,1235,493,1466,1
2114,0,0,0,0,1,1246,1095,805,1
2115,0,0,0,1,1,1148,471,534,1
2116,0,0,0,0,0,43,251,27,1
2117,0,0,0,0,1,1364,1134,1531,1
2118,0,0,0,0,1,1607,715,941,0
2119,0,0,0,0,1,1103,66,436,1
2120,0,0,0,1,0,24,17,817,1
2121,0,0,0,0,1,1348,254,1322,1
2122,0,0,1,1,0,249,673,260,1
2123,0,0,0,0,0,7,68,15,1
2124,0,0,0,1,0,46,70,145,1
2125,0,0,0,0,0,633,237,677,1
2126,0,0,1,0,0,340,856,196,1
2127,0,0,0,0,1,1519,748,1604,0
2128,0,0,0,0,1,1560,0,1227,0
2129,0,0,0,1,0,1300,55,1254,1
2130,0,0,0,0,0,61,548,184,1
2131,0,0,0,0,1,934,571,774,1
2132,0,0,0,0,0,4,14,29,1
2133,0,0,1,0,0,696,905,1803,1
2134,0,0,0,1,0,70,323,1030,1
2135,0,0,0,0,1,1298,562,938,1
2136,0,0,0,0,1,1363,1060,1690,1
2137,0,0,0,0,1,1452,573,1810,0
2138,0,0,0,0,1,1239,374,619,1
2139,0,0,0,0,1,1238,605,1438,1
2140,0,0,0,0,0,208,155,730,1
2141,0,0,0,0,0,203,93,1303,1
2142,0,0,0,0,0,41,71,1318,1
2143,0,0,0,0,1,1416,889,1403,1
2144,0,0,0,0,1,954,533,1298,1
2145,0,0,0,0,0,164,254,369,1
2146,0,0,0,0,0,207,560,511,1
2147,0,0,0,0,1,956,698,1026,1
2148,0,0,0,0,0,200,560,425,1
2149,0,0,0,0,0,608,572,1835,1
2150,0,0,1,0,0,57,631,25,1
2151,0,0,0,1,0,205,156,179,1
2152,0,0,0,0,1,1154,637,1646,1
2153,0,0,0,0,0,974,174,981,1
2154,0,0,0,0,0,174,397,697,1
2155,0,0,0,0,1,1338,458,720,1
2156,0,0,1,0,0,9,21,6,1
2157,1,1,0,1,1,1476,35,418,1
2158,0,0,0,0,0,1045,8,312,1
2159,0,0,0,0,0,473,490,317,1
2160,0,0,1,0,1,1041,674,1693,1
2161,0,0,0,0,0,177,140,152,1
2162,0,0,0,0,0,415,758,1176,1
2163,0,0,1,0,0,27,85,61,1
2164,0,0,0,0,0,97,259,16,1
2165,0,0,0,0,0,835,323,231,1
2166,0,0,0,0,0,24,12,57,1
2167,0,0,1,0,1,1067,26,1410,1
2168,0,0,0,0,0,349,708,593,1
2169,1,0,0,0,0,116,202,728,1
2170,0,0,0,1,0,483,719,350,1
2171,0,0,0,0,1,1586,292,1878,0
2172,0,0,0,0,0,73,354,686,1
2173,0,0,0,0,1,1352,460,1022,1
2174,0,0,0,0,1,1190,282,767,1
2175,0,0,1,0,0,711,550,1497,1
2176,0,0,1,0,1,1343,1043,1337,1
2177,1,1,0,1,0,5,19,9,1
2178,0,0,1,1,1,1478,1109,1913,1
2179,0,0,1,0,1,1337,459,999,1
2180,0,0,0,0,0,616,379,250,1
2181,0,0,1,0,0,62,117,531,1
2182,0,0,0,0,1,1561,255,1773,0
2183,0,0,0,0,1,1193,1041,1338,1
2184,0,0,0,0,0,37,86,39,1
2185,0,0,0,0,0,687,860,1319,1
2186,0,0,0,0,1,1206,980,1807,1
2187,0,0,0,0,1,862,661,1617,1
2188,0,0,1,1,0,1141,1115,1828,1
2189,0,0,0,0,0,32,70,4,1
2190,0,0,0,0,0,209,50,1343,1
2191,0,0,0,0,0,558,237,477,1
2192,0,0,0,0,0,20,185,32,1
2193,0,0,0,0,1,1187,102,824,1
2194,0,0,0,0,0,569,610,1579,1
2195,0,0,0,0,0,56,274,96,1
2196,0,0,0,0,0,0,276,36,1
2197,0,0,0,0,1,1293,430,1415,1
2198,0,0,0,0,1,1149,221,687,1
2199,1,0,0,0,0,350,424,516,1
2200,0,0,1,0,1,1600,338,1262,0
2201,0,0,0,0,0,40,136,220,1
2202,0,0,0,0,1,1542,617,2000,0
2203,0,0,0,0,0,275,455,1840,1
2204,0,0,1,0,0,1046,46,1347,1
2205,0,0,0,0,1,1068,680,1255,1
2206,0,0,0,0,1,1025,526,798,1
2207,0,0,0,0,0,6,96,1,1
2208,0,0,0,0,0,86,356,135,1
2209,0,0,0,0,0,53,358,122,1
2210,0,0,0,0,1,1611,216,876,0
2211,0,0,0,0,0,689,532,1106,1
2212,0,0,0,0,0,88,215,154,1
2213,0,0,0,0,0,91,783,16,1
2214,1,1,1,1,0,503,1,1968,1
2215,0,0,0,0,0,0,10,1,1
2216,0,0,0,0,0,699,700,1419,1
2217,0,0,0,0,0,232,233,600,1
2218,0,0,0,0,1,1222,677,1902,1
2219,0,0,0,0,0,359,620,1144,1
2220,0,0,0,0,0,489,480,1404,1
2221,0,0,0,0,0,57,67,536,1
2222,0,0,0,0,1,1515,326,869,0
2223,0,0,0,0,1,1357,366,588,1
2224,0,0,0,0,1,1051,411,1584,1
2225,0,0,0,1,0,920,377,925,1
2226,1,1,0,0,0,2,74,0,1
2227,0,0,0,0,0,84,101,134,1
2228,0,0,0,0,1,1374,0,205,1
2229,0,0,0,0,0,354,132,199,1
2230,0,0,0,0,0,131,172,10,1
2231,0,0,0,0,0,215,574,5,1
2232,0,0,0,0,1,1250,618,1864,1
2233,0,0,0,0,0,144,102,1127,1
2234,0,0,0,0,0,111,301,655,1
2235,0,1,0,0,0,68,128,629,1
2236,0,0,0,1,0,251,0,584,1
2237,0,0,0,1,1,1307,1011,1837,1
2238,0,0,0,1,1,1469,389,920,1
2239,0,0,1,0,1,964,465,645,1
2240,0,0,0,0,1,1511,99,1043,1
2241,0,0,1,0,1,1077,56,979,1
2242,0,0,0,0,0,5,5,29,1
2243,1,0,0,0,0,54,54,98,1
2244,0,0,0,0,0,212,363,290,1
2245,0,0,0,1,1,924,190,1031,1
2246,0,0,0,0,0,15,82,25,1
2247,0,0,0,1,1,1536,221,597,1
2248,0,0,0,0,1,985,759,1400,1
2249,0,0,0,0,0,12,14,27,1
2250,0,0,1,0,0,126,235,278,1
2251,0,0,0,0,1,1072,3,183,1
2252,0,0,0,0,0,15,59,5,1
2253,0,0,0,0,0,43,113,127,1
2254,0,0,0,0,0,537,393,633,1
2255,0,0,0,0,0,38,74,314,1
2256,0,0,1,0,0,898,1047,1624,1
2257,0,0,0,1,1,1497,433,871,0
2258,0,0,0,0,0,799,257,298,1
2259,0,0,0,0,0,316,479,733,1
2260,0,0,0,0,0,481,429,1010,1
2261,0,0,0,1,1,1551,514,64,0
2262,0,0,0,0,0,958,285,1199,1
2263,0,0,0,0,1,853,414,611,1
2264,0,0,0,0,1,818,373,301,1
2265,0,0,0,0,0,185,514,1485,1
2266,0,0,0,1,0,775,640,727,1
2267,0,0,0,0,0,138,304,455,1
2268,0,0,0,0,0,384,809,124,1
2269,0,0,0,0,0,21,111,7,1
2270,0,0,0,0,0,60,126,102,1
2271,0,0,0,0,0,631,25,9,1
2272,0,0,0,0,0,15,76,156,1
2273,0,0,0,0,0,15,23,2,1
2274,0,0,0,0,0,48,64,89,1
2275,0,0,0,0,1,1508,810,656,0
2276,0,0,0,0,1,1244,508,1542,1
2277,0,0,0,0,0,25,159,12,1
2278,0,0,0,0,0,651,244,612,1
2279,0,0,0,0,1,1256,192,498,1
2280,0,0,0,0,1,1566,31,953,0
2281,0,0,0,0,1,1488,358,1422,1
2282,0,0,0,0,0,331,229,1446,1
2283,0,0,0,0,1,1419,0,1295,1
2284,0,0,0,0,1,1263,113,965,1
2285,0,0,1,0,0,695,522,977,1
2286,0,0,0,0,0,767,623,1266,1
2287,0,0,1,0,0,0,20,2,1
2288,0,0,0,0,0,224,334,83,1
2289,0,0,0,0,0,205,625,202,1
2290,0,0,0,1,0,156,224,220,1
2291,0,0,0,0,0,225,162,2012,1
2292,0,0,0,0,1,1004,398,1474,1
2293,0,0,0,0,0,443,746,375,1
2294,0,0,0,0,1,1464,23,1282,1
2295,0,0,0,0,0,184,271,1070,1
2296,0,0,0,0,1,925,362,513,1
2297,0,0,0,0,1,1195,542,845,1
2298,0,0,0,1,0,129,86,52,1
2299,0,0,0,0,1,1299,33,501,1
2300,0,0,0,0,0,25,14,215,1
2301,0,0,1,0,1,1202,921,1740,0
2302,0,0,0,0,1,806,236,1111,1
2303,0,0,0,0,1,1094,1061,1950,1
2304,0,0,0,0,1,1332,196,705,1
2305,0,0,0,1,0,81,60,20,1
2306,0,0,0,1,0,783,270,464,1
2307,0,0,0,0,0,50,250,20,1
2308,0,0,0,0,0,201,568,927,1
2309,0,0,0,0,0,94,350,120,1
2310,0,0,0,0,0,97,227,495,1
2311,0,0,0,0,0,911,1068,625,1
2312,0,0,0,0,1,1571,1033,1736,0
2313,0,0,0,0,1,1048,186,989,1
2314,0,0,0,0,1,1032,368,990,1
2315,0,0,0,0,1,1430,883,1623,0
2316,0,0,0,0,0,740,305,674,1
2317,0,0,0,0,1,1185,1,173,1
2318,0,0,0,0,0,104,121,21,1
2319,0,0,1,1,1,1475,428,1124,1
2320,0,0,1,0,0,197,877,36,1
2321,0,0,0,0,0,449,466,1650,1
2322,0,0,0,1,0,765,904,1053,1
2323,0,0,0,0,1,1354,1074,1435,1
2324,0,0,0,0,0,345,412,688,1
2325,0,0,0,0,0,44,97,24,1
2326,0,0,1,0,0,465,464,1067,1
2327,0,0,0,0,1,1201,223,1256,1
2328,0,0,0,0,0,35,293,78,1
2329,0,0,0,1,0,13,61,1,1
2330,0,0,0,1,1,1231,19,25,1
2331,0,0,0,0,0,943,257,822,1
2332,0,0,0,0,0,402,695,1700,1
2333,0,0,0,0,1,1022,477,1527,1
2334,0,0,0,1,0,163,424,603,1
2335,0,0,0,0,0,545,1006,122,1
2336,0,0,0,1,0,61,141,78,1
2337,0,0,1,1,0,45,135,357,1
2338,0,0,0,0,0,189,283,110,1
2339,0,0,0,1,1,1523,80,538,1
2340,0,0,0,0,0,86,175,1130,1
2341,0,0,0,0,0,276,231,1565,1
2342,0,0,0,1,0,9,30,1,1
2343,0,0,0,0,0,474,403,212,1
2344,0,0,0,1,1,1356,309,292,1
2345,0,0,0,1,0,59,92,63,1
2346,0,0,0,0,0,930,1065,873,1
2347,0,0,0,0,1,1210,300,756,1
2348,0,0,0,0,0,26,222,125,1
2349,0,0,0,0,1,1283,368,1649,1
2350,0,0,0,0,0,221,214,194,1
2351,0,0,0,0,0,168,441,1131,1
2352,0,0,0,0,1,1065,95,761,1
2353,0,0,0,0,0,249,264,1189,1
2354,0,0,0,0,0,25,209,28,1
2355,0,0,0,0,1,825,195,715,1
2356,0,0,0,0,1,1167,908,886,1
2357,0,0,0,0,0,1044,86,397,1
2358,0,0,0,0,0,67,82,458,1
2359,0,0,1,1,0,398,515,1626,1
2360,0,0,0,0,0,972,611,1136,1
2361,0,0,1,0,0,1038,275,1348,1
2362,0,0,0,0,0,112,148,984,1
2363,0,0,0,0,0,453,800,1386,1
2364,0,0,0,0,0,429,725,1164,1
2365,0,0,0,0,0,6,89,1,1
2366,0,0,0,0,0,36,174,27,1
2367,0,0,0,0,0,10,36,13,1
2368,0,0,0,1,0,859,314,1633,1
2369,0,0,0,0,1,905,857,1596,1
2370,0,0,0,1,0,120,230,556,1
2371,0,0,0,0,0,14,72,46,1
2372,0,0,0,1,1,950,540,1677,1
2373,0,0,0,0,1,1277,173,571,1
2374,0,0,0,0,1,1539,236,1129,1
2375,0,0,0,0,0,12,112,28,1
2376,0,0,0,0,0,5,16,2,1
2377,0,0,0,0,0,144,262,376,1
2378,0,0,0,0,0,406,331,644,1
2379,0,0,0,0,0,158,813,358,1
2380,0,0,0,0,0,252,87,1563,1
2381,0,0,0,0,1,927,532,1152,1
2382,0,0,0,0,1,1033,110,861,1
2383,0,0,0,1,0,36,7,2,1
2384,0,0,0,1,1,1459,1056,1904,1
2385,0,0,0,0,0,1057,570,1077,1
2386,0,0,0,0,0,93,254,0,1
2387,0,0,0,0,1,1066,1035,1253,1
2388,0,0,1,0,0,669,664,792,1
2389,0,0,0,0,0,207,247,429,1
2390,0,0,0,0,0,64,381,14,1
2391,0,0,0,1,0,130,688,131,1
2392,0,0,0,0,0,18,90,7,1
2393,0,0,0,0,1,1437,195,643,1
2394,0,0,0,0,0,12,16,15,1
2395,0,0,1,0,0,826,406,787,1
2396,0,0,0,1,0,85,306,1082,1
2397,0,0,0,0,0,434,693,709,1
2398,0,0,0,0,0,115,109,1226,1
2399,0,0,0,0,0,15,65,63,1
2400,0,0,0,1,1,1484,6,696,0
2401,0,0,0,0,0,688,940,166,1
2402,0,0,0,0,0,301,151,461,1
2403,0,0,0,0,1,1608,106,1664,0
2404,0,0,0,0,0,528,642,479,1
2405,0,0,0,0,0,98,593,601,1
2406,0,0,0,0,1,1401,398,1086,1
2407,0,0,0,0,1,1427,434,1177,1
2408,0,0,0,0,0,110,205,55,1
2409,0,0,0,0,0,32,54,16,1
2410,0,0,0,0,1,1593,323,986,0
2411,0,0,0,0,0,617,740,664,1
2412,0,0,1,0,0,906,81,448,1
2413,0,0,1,0,1,1327,337,228,1
2414,0,0,0,1,0,794,58,39,1
2415,0,0,1,0,0,304,281,748,1
2416,0,0,0,0,0,484,390,1578,1
2417,0,0,0,0,0,201,606,578,1
2418,0,0,0,0,1,721,902,530,1
2419,0,0,0,0,0,157,221,408,1
2420,0,0,0,0,1,1091,1021,1608,1
2421,0,0,0,0,1,1304,325,1575,1
2422,0,0,0,0,1,1385,1094,1072,1
2423,0,0,0,0,0,49,219,576,1
2424,0,0,0,1,0,1095,2,940,1
2425,0,0,0,0,0,269,793,334,1
2426,0,0,0,0,0,50,123,15,1
2427,0,0,0,1,1,1387,251,997,1
2428,0,0,0,0,1,1550,893,1036,0
2429,0,0,1,0,0,21,222,172,1
2430,0,0,0,0,1,1518,281,1471,1
2431,0,0,0,0,0,16,113,18,1
2432,0,0,0,0,0,48,284,145,1
2433,0,0,0,0,0,6,82,3,1
2434,0,0,0,0,1,1375,933,1427,1
2435,0,0,0,0,1,1109,911,1543,1
2436,0,0,0,0,1,1472,495,1374,0
2437,0,0,0,0,1,1434,616,1274,1
2438,0,0,0,0,0,66,410,327,1
2439,0,0,0,0,1,1426,50,542,1
2440,0,0,0,0,1,1458,1049,1185,1
2441,0,0,0,0,0,10,62,126,1
2442,0,0,0,0,0,497,878,683,1
2443,0,0,0,0,1,1349,427,1811,1
2444,0,0,0,0,1,1590,684,1887,0
2445,0,0,0,0,0,85,124,681,1
2446,0,0,0,0,0,9,54,48,1
2447,0,0,1,0,0,629,994,1456,1
2448,0,0,1,0,0,744,225,400,1
2449,0,0,0,1,1,1097,629,1986,1
2450,0,0,0,1,1,1060,973,1896,1
2451,0,0,0,0,0,982,54,371,1
2452,0,0,0,0,1,1543,681,1882,0
2453,0,0,0,0,0,300,55,53,1
2454,0,0,0,1,1,601,431,206,1
2455,0,0,0,0,0,188,318,289,1
2456,0,0,0,0,0,764,837,1175,1
2457,0,0,0,0,0,98,768,113,1
2458,0,0,0,0,1,1440,438,669,1
2459,0,0,1,1,1,1325,1098,1408,1
2460,0,0,0,0,0,334,602,983,1
2461,0,0,0,0,1,1510,293,1044,0
2462,0,0,0,0,0,388,651,539,1
2463,0,0,1,0,0,496,711,533,1
2464,0,0,1,0,0,609,306,544,1
2465,0,0,0,0,1,908,849,1085,1
2466,0,0,1,0,1,1445,134,284,0
2467,0,0,0,0,0,146,65,90,1
2468,0,0,0,0,1,1071,697,1551,1
2469,0,0,0,0,1,1321,859,1863,1
2470,1,1,0,0,0,218,729,16,1
2471,0,0,0,0,1,1435,598,1970,0
2472,0,0,0,0,1,1316,36,219,1
2473,0,0,0,0,1,1198,739,634,1
2474,0,0,0,0,0,95,116,27,1
2475,0,0,0,0,0,4,10,1,1
2476,0,0,0,0,1,1289,235,1310,1
2477,0,0,0,0,0,993,516,178,1
2478,0,0,0,0,1,1090,980,1424,1
2479,0,0,0,0,1,1133,472,1099,1
2480,0,0,0,0,1,1168,250,1511,1
2481,0,0,0,0,0,720,882,1893,1
2482,0,0,0,0,0,23,39,11,1
2483,0,0,0,0,0,236,452,708,1
2484,0,0,0,0,0,310,316,847,1
2485,0,0,0,0,1,807,216,449,1
2486,0,0,0,0,0,204,324,1035,1
2487,0,0,0,0,0,508,655,1211,1
2488,0,0,0,1,0,459,593,404,1
2489,0,0,0,0,0,365,803,252,1
2490,0,0,0,0,1,1053,10,25,1
2491,0,0,0,0,0,101,83,121,1
2492,0,0,0,0,1,802,280,617,1
2493,0,0,0,0,0,588,786,1137,1
2494,0,0,0,0,1,1271,184,308,1
2495,0,0,0,0,1,1269,257,950,1
2496,0,0,0,1,0,175,170,208,1
2497,0,0,0,1,1,1159,156,987,1
2498,0,0,0,1,0,48,215,4,1
2499,0,0,0,0,0,247,259,193,1
2500,0,0,0,0,0,132,579,247,1
2501,0,0,0,0,1,781,368,326,1
2502,1,1,0,1,0,888,938,1421,1
2503,0,0,1,0,0,386,639,1458,1
2504,0,0,0,0,0,127,149,498,1
2505,0,0,0,0,1,1137,648,1884,1
2506,0,0,0,0,0,656,964,1354,1
2507,0,0,0,0,0,12,62,2,1
2508,0,0,0,1,1,1059,1026,993,1
2509,0,0,0,0,0,8,73,1,1
2510,0,0,0,0,0,259,332,320,1
2511,0,0,0,0,0,477,412,1235,1
2512,0,0,0,0,0,148,253,332,1
2513,0,0,0,0,0,317,258,1192,1
2514,0,0,1,0,1,1339,83,1378,1
2515,0,0,0,0,0,684,966,863,1
2516,0,0,0,0,1,1492,0,1614,0
2517,0,0,0,0,0,20,139,298,1
2518,0,0,0,0,1,1012,1045,1870,1
2519,0,0,1,1,1,1136,303,1346,1
2520,0,0,0,0,0,57,116,382,1
2521,0,0,1,1,0,1172,145,855,1
2522,0,0,0,0,0,392,159,1519,1
2523,0,0,0,0,0,268,587,1206,1
2524,0,0,0,0,1,1591,125,1454,0
2525,0,0,0,0,1,1274,926,840,1
2526,0,0,0,0,1,1394,545,1296,1
2527,0,0,0,1,0,540,717,570,1
2528,0,0,0,0,0,390,543,419,1
2529,0,0,0,0,1,710,581,573,1
2530,0,0,0,0,0,464,258,319,1
2531,0,0,0,1,1,1126,332,472,1
2532,0,0,0,0,1,1224,601,1611,1
2533,0,0,0,0,0,280,668,843,1
2534,0,0,0,0,0,165,130,14,1
2535,0,0,0,0,1,961,277,1515,1
2536,0,0,0,0,1,1496,137,602,0
2537,0,0,0,0,1,1381,1012,1293,1
2538,0,0,0,0,1,868,428,1499,1
2539,0,0,0,0,0,102,204,246,1
2540,0,0,0,0,0,355,646,1735,1
2541,0,0,0,1,1,996,203,412,1
2542,0,0,0,0,0,132,274,45,1
2543,0,0,0,0,1,1406,442,912,1
2544,0,0,0,0,1,1058,581,1361,1
2545,0,0,0,0,1,1505,1069,945,0
2546,0,0,0,1,1,896,1,451,1
2547,1,1,0,0,0,939,658,1290,1
2548,0,0,1,1,0,467,866,907,1
2549,0,0,1,0,0,662,188,1655,1
2550,0,0,1,0,1,1083,777,1460,1
2551,0,0,0,1,0,817,292,1591,1
2552,0,0,0,0,0,4,182,1,1
2553,0,0,0,1,1,962,784,1599,1
2554,0,0,0,0,1,1614,681,1339,0
2555,0,0,0,1,1,960,167,348,1
2556,0,0,0,0,1,1130,437,1820,1
2557,0,0,0,0,1,1320,190,690,1
2558,0,0,1,0,1,1099,744,1538,1
2559,0,0,0,0,0,32,158,58,1
2560,0,0,1,0,1,897,1000,1850,1
2561,0,0,0,0,1,1431,1036,1794,1
2562,0,0,0,0,0,769,995,1783,1
2563,0,0,0,0,0,403,466,522,1
2564,0,0,0,0,0,877,851,1743,1
2565,0,0,0,0,1,706,694,1544,1
2566,0,0,0,0,1,1527,436,1222,1
2567,0,0,0,0,1,1395,29,1198,1
2568,0,0,0,0,1,1232,338,1722,1
2569,0,0,0,0,0,602,987,625,1
2570,0,0,0,1,0,195,470,1520,1
2571,0,0,0,0,1,1209,576,1642,1
2572,0,0,0,0,0,597,772,403,1
2573,0,0,0,0,0,117,383,197,1
2574,0,0,0,1,1,1407,614,1250,1
2575,0,0,0,0,1,1499,492,1241,0
2576,0,0,0,0,1,999,378,1359,1
2577,0,0,0,1,0,527,345,794,1
2578,0,0,0,1,0,406,244,476,1
2579,0,0,0,0,1,1485,631,1717,1
2580,0,0,0,0,0,10,37,2,1
2581,0,0,0,0,0,59,668,98,1
2582,0,0,1,0,1,1347,774,1292,1
2583,0,0,0,0,1,1287,765,1377,1
2584,0,0,0,0,1,1373,237,2004,0
2585,1,1,1,0,0,509,133,1063,1
2586,0,0,0,0,1,915,937,1312,1
2587,0,0,0,0,1,935,1053,776,1
2588,0,0,0,0,0,122,119,88,1
2589,0,0,0,0,0,149,894,402,1
2590,0,0,0,0,1,1061,481,1915,1
2591,0,0,0,0,0,580,164,325,1
2592,0,0,0,0,1,1253,888,1725,1
2593,0,0,0,1,1,1233,1075,846,1
2594,0,0,0,0,1,1276,428,1384,1
2595,0,0,1,0,0,515,358,344,1
2596,0,0,0,0,0,40,307,40,1
2597,0,0,0,0,0,193,960,63,1
2598,0,0,0,0,1,1415,745,1749,0
2599,0,0,0,0,0,32,166,0,1
2600,0,0,1,0,0,103,91,260,1
2601,0,0,0,0,0,418,588,541,1
2602,0,0,0,0,0,211,160,229,1
2603,0,0,0,0,0,22,92,10,1
2604,0,0,0,0,0,1042,975,1283,1
2605,0,0,0,0,0,31,72,526,1
2606,0,0,0,0,1,1315,591,1161,1
2607,0,0,0,0,0,9,24,30,1
2608,0,0,0,0,1,1056,627,1985,1
2609,0,0,0,0,1,1216,406,1739,1
2610,0,0,0,0,0,32,95,54,1
2611,0,0,0,1,1,922,279,795,1
2612,0,0,0,0,0,203,445,700,1
2613,0,0,0,0,0,287,346,362,1
2614,0,0,0,0,1,1261,1117,1734,1
2615,0,0,0,0,0,55,53,43,1
2616,0,0,0,1,0,199,525,439,1
2617,0,0,0,0,1,1121,131,1070,1
2618,0,0,0,0,1,1605,1107,1821,0
2619,0,0,0,0,0,65,421,376,1
2620,0,0,0,0,1,1344,544,1955,1
2621,0,0,0,0,1,1220,1027,1603,1
2622,0,0,0,1,1,1294,1121,1273,1
2623,0,0,0,0,0,89,301,316,1
2624,0,0,0,0,0,37,504,138,1
2625,0,0,0,1,0,733,676,1336,1
2626,0,0,0,0,0,598,751,1501,1
2627,0,0,0,0,0,3,58,1,1
2628,0,0,0,0,0,15,59,34,1
2629,0,0,0,0,1,1120,207,445,1
2630,0,0,0,0,0,94,53,739,1
2631,0,0,0,0,0,914,634,764,1
2632,0,0,1,0,1,1528,0,1008,1
2633,0,0,0,0,0,59,51,97,1
2634,0,0,0,0,1,1361,789,1853,1
2635,0,0,0,0,1,1260,57,303,1
2636,0,0,0,0,0,78,77,791,1
2637,0,0,0,0,1,1350,636,1555,1
2638,0,0,0,0,1,1553,101,1142,1
2639,0,0,0,0,1,1486,1105,1966,1
2640,0,0,0,0,1,850,912,679,1
2641,0,0,0,0,1,1573,1,937,0
2642,0,0,0,0,1,1227,183,1103,1
2643,0,0,0,0,1,1199,935,948,1
2644,0,0,1,0,1,1134,334,1498,1
2645,0,0,0,0,1,1562,76,717,0
2646,0,0,0,0,0,84,159,123,1
2647,0,0,0,0,0,965,915,1451,1
2648,0,0,0,1,1,670,477,528,1
2649,0,0,0,0,0,15,9,2,1
2650,0,0,0,0,0,921,798,1363,1
2651,0,0,0,0,0,586,988,1126,1
2652,0,0,0,0,1,709,656,363,1
2653,1,0,1,1,0,754,0,959,1
2654,0,0,0,0,0,752,742,1278,1
2655,0,0,0,0,0,106,85,1165,1
2656,1,1,0,0,0,185,478,322,1
2657,0,0,0,0,1,1017,603,1568,1
2658,0,0,0,0,0,82,341,43,1
2659,0,0,0,0,0,680,19,14,1
2660,0,0,0,0,0,573,155,385,1
2661,0,0,1,0,1,1282,104,1530,1
2662,0,0,0,1,0,243,864,139,1
2663,0,0,0,0,1,1509,705,1719,1
2664,0,0,0,0,1,913,280,632,1
2665,0,0,0,0,0,811,841,1373,1
2666,0,0,0,0,0,70,149,140,1
2667,0,0,0,0,0,1212,1122,345,1
2668,0,0,0,0,0,92,265,9,1
2669,0,0,0,0,1,1365,475,1523,1
2670,0,0,0,0,1,1378,1135,1995,1
2671,0,0,0,0,0,110,181,405,1
2672,0,0,0,0,0,44,58,227,1
2673,0,0,0,0,1,1267,868,952,1
2674,0,0,0,0,0,7,42,1,1
2675,0,0,0,0,0,53,202,201,1
2676,0,0,0,0,1,1480,467,1431,0
2677,0,0,0,0,1,1449,1119,954,1
2678,0,0,0,0,1,1303,2,682,1
2679,0,0,0,1,0,6,65,3,1
2680,0,0,0,0,1,1027,621,1483,1
2681,0,0,0,1,0,593,302,1676,1
2682,0,0,0,0,0,224,533,1155,1
2683,0,0,0,0,0,88,738,11,1
2684,0,0,0,1,1,1413,1093,1151,1
2685,0,0,1,0,1,1439,514,902,1
2686,0,0,0,0,0,375,630,662,1
2687,0,0,0,0,0,135,357,493,1
2688,0,0,0,0,1,1189,211,929,1
2689,0,0,0,0,1,1112,159,563,1
2690,0,0,0,0,0,231,724,388,1
2691,0,0,0,0,1,1463,364,1258,1
2692,0,0,0,0,1,1096,2,158,1
2693,0,0,0,0,0,842,497,1179,1
2694,0,0,0,1,0,690,369,777,1
2695,0,0,0,0,0,5,14,2,1
2696,0,0,0,0,1,1039,283,943,1
2697,0,0,0,0,0,352,752,819,1
2698,0,0,1,0,0,204,111,1708,1
2699,0,0,0,1,1,1578,437,1618,0
2700,1,0,0,0,0,813,848,757,1
2701,0,0,0,0,0,20,74,221,1
2702,0,0,0,0,1,1456,1136,117,1
2703,0,0,0,0,0,415,951,80,1
2704,0,0,1,0,0,1011,117,736,1
2705,0,0,0,0,1,1559,525,904,0
2706,0,0,0,0,1,1169,472,1423,1
2707,0,0,0,0,1,1358,675,1627,1
2708,0,0,0,0,1,834,419,996,1
2709,0,0,0,0,0,19,26,4,1
2710,0,0,0,0,0,51,100,26,1
2711,0,0,0,0,0,14,51,3,1
2712,0,0,0,0,0,346,161,1778,1
2713,0,0,0,0,0,72,388,57,1
2714,0,0,0,1,0,56,175,233,1
2715,0,0,0,0,0,213,530,738,1
2716,0,0,0,0,0,387,791,710,1
2717,0,0,0,0,1,1425,1099,1827,1
2718,0,0,0,0,1,1184,318,1243,1
2719,0,0,1,1,1,1296,483,1135,1
2720,0,0,0,0,1,1563,812,1809,0
2721,0,0,0,1,0,864,1039,1845,1
2722,0,0,1,0,0,457,763,351,1
2723,0,0,0,0,0,18,50,22,1
2724,0,0,0,0,0,11,49,4,1
2725,0,0,0,0,1,1251,221,854,1
2726,0,0,1,0,0,301,396,867,1
2727,0,0,0,0,1,1215,500,1554,1
2728,0,0,0,0,0,308,549,1746,1
2729,0,0,0,0,1,1491,830,1785,1
2730,0,0,1,0,0,878,27,1493,1
2731,0,0,0,0,1,893,134,735,1
2732,0,0,0,0,0,12,113,43,1
2733,0,0,0,0,0,948,1064,1219,1
2734,0,0,0,0,0,194,163,58,1
2735,0,0,0,1,0,15,23,340,1
2736,0,0,0,0,1,1225,961,1553,1
2737,0,0,0,0,1,1612,1120,1252,0
2738,0,0,0,0,1,1288,609,2001,1
2739,0,0,0,0,1,1278,210,876,1
2740,0,0,0,0,1,932,335,1665,1
2741,0,0,0,0,1,1613,1097,1477,0
2742,0,0,0,0,1,1144,318,1160,1
2743,0,0,0,0,1,1391,14,518,1
2744,0,0,0,0,0,44,332,37,1
2745,0,0,0,0,0,90,163,62,1
2746,0,0,0,0,1,1468,569,1049,1
2747,0,0,0,0,0,298,383,1596,1
2748,0,0,0,0,0,219,553,818,1
2749,0,0,1,0,1,1218,144,339,1
2750,0,0,1,1,0,966,218,1371,1
2751,0,0,0,0,0,47,198,14,1
2752,0,0,0,0,0,867,481,438,1
2753,0,0,0,0,0,277,679,401,1
2754,1,0,0,0,0,454,701,504,1
2755,0,0,0,1,0,314,696,353,1
2756,0,0,0,0,1,773,385,1023,1
2757,0,0,0,0,1,1392,454,1056,1
2758,0,0,0,0,1,1192,367,426,1
2759,0,0,0,0,0,735,766,1112,1
2760,1,1,1,1,1,1534,16,775,0
2761,0,0,0,0,1,1317,391,416,1
2762,0,0,0,0,0,141,678,97,1
2763,0,0,0,0,0,10,91,24,1
2764,0,0,0,0,0,371,434,128,1
2765,0,0,0,0,1,1467,957,1834,1
2766,0,0,0,0,1,1617,1125,1761,0
2767,0,0,1,1,1,1333,1032,1473,1
2768,0,0,0,0,0,9,95,1,1
2769,0,0,0,0,1,1412,395,1883,1
2770,0,0,0,0,0,11,53,13,1
2771,0,0,0,0,0,618,625,1394,1
2772,0,0,0,0,0,82,89,396,1
2773,0,0,1,0,0,175,297,275,1
2774,0,0,0,0,0,46,216,216,1
2775,0,0,0,0,0,67,161,633,1
2776,0,0,0,0,1,1152,1083,1229,1
2777,0,0,0,0,1,1248,106,1075,1
2778,1,1,0,1,1,1074,21,67,1
2779,1,0,1,1,0,630,731,554,1
2780,0,0,0,0,0,5,67,2,1
2781,0,0,1,0,0,122,86,481,1
2782,0,0,0,0,1,742,416,1171,1
2783,0,0,0,0,0,52,39,169,1
2784,0,0,0,1,0,30,71,456,1
2785,1,1,0,0,1,1026,689,497,1
2786,0,0,0,0,0,52,295,416,1
2787,0,0,0,0,1,1331,936,1658,1
2788,0,0,0,0,0,26,144,2,1
2789,0,0,0,0,0,208,400,719,1
2790,0,0,0,0,1,1076,516,81,1
2791,1,0,0,1,0,280,0,914,1
2792,0,0,0,0,0,952,846,865,1
2793,0,0,1,0,0,32,54,92,1
2794,0,0,0,0,1,1606,1037,1317,0
2795,0,0,0,0,0,16,64,60,1
2796,0,0,0,0,1,970,285,642,1
